4-Jan-10,18.57,18.97,18.40,18.89,11116828
5-Jan-10,18.86,19.04,18.43,18.52,14537167
6-Jan-10,18.43,18.64,18.22,18.39,7171124
7-Jan-10,18.40,18.41,17.94,18.04,8558604
8-Jan-10,17.58,18.08,17.48,17.89,11331142
11-Jan-10,18.26,18.65,18.22,18.35,11498372
12-Jan-10,18.27,18.44,17.57,17.72,11523419
13-Jan-10,17.95,18.30,17.59,18.19,8800236
14-Jan-10,18.16,18.49,18.01,18.34,6398631
15-Jan-10,18.31,18.60,17.53,17.77,13716617
18-Jan-10,-,-,-,17.77,0
19-Jan-10,17.88,18.27,17.77,18.16,7806175
20-Jan-10,18.15,18.18,17.46,17.76,16283894
21-Jan-10,19.84,20.30,19.34,19.49,35144012
22-Jan-10,19.37,19.62,18.27,18.40,20111572
25-Jan-10,18.79,19.06,18.59,18.92,15582687
26-Jan-10,18.89,19.62,18.76,19.31,16018192
27-Jan-10,19.22,19.43,18.68,19.08,15417837
28-Jan-10,19.19,19.28,18.14,18.36,14128423
29-Jan-10,18.35,18.51,16.47,16.71,28654900
1-Feb-10,17.22,17.98,17.06,17.90,18205773
2-Feb-10,17.88,18.60,17.78,18.58,17574169
3-Feb-10,18.37,18.87,18.26,18.84,16905142
4-Feb-10,18.17,18.48,17.78,18.02,21505740
5-Feb-10,18.10,18.19,17.47,18.02,23836760
8-Feb-10,18.05,18.74,17.84,18.18,14937812
9-Feb-10,18.56,18.74,18.22,18.33,12414914
10-Feb-10,18.36,18.66,18.17,18.48,9770022
11-Feb-10,18.49,18.83,18.19,18.76,8142325
12-Feb-10,18.55,18.87,18.15,18.70,11482403
15-Feb-10,-,-,-,18.70,0
16-Feb-10,18.80,19.84,18.80,19.73,19037581
17-Feb-10,19.94,20.05,19.55,20.00,13328212
18-Feb-10,19.88,20.81,19.72,20.73,17444381
19-Feb-10,20.55,20.94,20.40,20.51,15079711
22-Feb-10,20.53,20.86,20.38,20.73,10665459
23-Feb-10,20.64,20.72,20.03,20.33,11630760
24-Feb-10,20.38,20.73,19.40,19.50,27780881
25-Feb-10,19.16,19.54,18.61,19.49,28120482
26-Feb-10,19.67,20.00,19.40,19.91,9092026
1-Mar-10,20.10,21.45,20.00,21.35,20623520
2-Mar-10,21.50,21.58,20.91,21.01,13412671
3-Mar-10,20.75,20.84,19.61,19.63,25211254
4-Mar-10,19.81,19.82,19.14,19.73,15528145
5-Mar-10,19.82,20.10,19.51,19.92,10340895
8-Mar-10,20.19,20.24,19.64,19.89,9933969
9-Mar-10,19.88,20.14,19.50,19.60,12787681
10-Mar-10,19.72,19.90,19.00,19.17,25716516
11-Mar-10,18.80,19.27,18.39,19.23,26405893
12-Mar-10,19.35,19.35,18.85,19.27,14389934
15-Mar-10,19.14,19.16,18.58,18.78,11815417
16-Mar-10,18.98,19.25,18.67,19.13,11810817
17-Mar-10,19.21,19.59,19.02,19.32,11421046
18-Mar-10,19.41,19.52,19.20,19.32,6880184
19-Mar-10,19.40,19.47,18.77,18.93,12290214
22-Mar-10,18.79,19.94,18.67,19.71,15354504
23-Mar-10,19.76,20.61,19.69,20.45,20338375
24-Mar-10,20.25,20.30,20.00,20.03,10624788
25-Mar-10,20.17,20.27,19.62,19.62,10169767
26-Mar-10,19.21,19.36,18.80,18.93,21554035
29-Mar-10,19.12,19.38,18.82,18.90,10724250
30-Mar-10,18.83,18.93,18.12,18.17,25807396
31-Mar-10,17.97,18.61,17.88,18.26,12664341
1-Apr-10,18.52,18.60,17.88,18.11,11095026
2-Apr-10,-,-,-,18.11,0
5-Apr-10,18.32,18.60,18.18,18.48,14815938
6-Apr-10,18.41,19.23,18.30,19.06,15020567
7-Apr-10,18.84,19.00,18.44,18.85,15169756
8-Apr-10,18.84,18.87,18.38,18.68,9463735
9-Apr-10,18.83,19.17,18.68,19.14,7967055
12-Apr-10,19.10,19.45,19.03,19.08,10932531
13-Apr-10,18.88,19.14,18.32,18.38,21402579
14-Apr-10,18.60,19.58,18.58,19.27,25927344
15-Apr-10,19.11,19.91,19.08,19.69,13543726
16-Apr-10,19.59,19.95,19.02,19.25,14677978
19-Apr-10,19.00,19.10,18.58,19.09,11933823
20-Apr-10,19.24,19.44,18.84,19.33,13691277
21-Apr-10,20.07,20.32,19.30,19.54,28733907
22-Apr-10,19.40,19.87,19.03,19.69,11878941
23-Apr-10,19.82,20.90,19.82,20.77,24286045
26-Apr-10,20.81,20.83,20.27,20.46,10002142
27-Apr-10,20.22,20.33,19.52,19.63,15216839
28-Apr-10,19.72,19.84,19.11,19.47,16226863
29-Apr-10,19.46,19.54,18.98,19.14,18822640
30-Apr-10,19.18,19.21,18.30,18.35,15769252
3-May-10,18.54,19.16,18.51,18.95,14080345
4-May-10,18.92,18.95,18.37,18.90,18726536
5-May-10,18.66,19.03,18.14,18.36,23430337
6-May-10,18.23,18.67,16.01,17.85,28247580
7-May-10,17.76,18.33,17.23,17.75,27273634
10-May-10,18.54,18.80,18.30,18.48,15719845
11-May-10,18.40,18.86,18.24,18.40,12287028
12-May-10,18.42,19.10,18.42,18.99,10210332
13-May-10,18.79,19.20,18.40,18.53,11340028
14-May-10,18.25,18.32,17.73,17.98,12247678
17-May-10,18.12,18.47,17.43,17.84,15089331
18-May-10,18.02,18.14,16.75,17.06,25752967
19-May-10,17.00,17.42,16.45,16.62,23432526
20-May-10,16.11,16.54,15.83,16.10,18181462
21-May-10,15.97,17.48,15.64,16.35,19088499
24-May-10,16.17,16.49,16.06,16.14,11175168
25-May-10,15.49,15.59,14.92,15.52,31641188
26-May-10,15.78,16.04,14.80,14.86,26563634
27-May-10,15.37,15.88,14.86,15.68,20742261
28-May-10,15.66,15.68,15.06,15.36,13729098
31-May-10,-,-,-,15.36,0
1-Jun-10,15.21,15.46,14.44,14.46,18220745
2-Jun-10,14.54,15.43,14.54,15.38,17531821
3-Jun-10,15.41,16.04,15.22,15.94,21301843
4-Jun-10,15.42,15.77,15.05,15.14,13230616
7-Jun-10,15.13,15.28,14.50,14.52,13745510
8-Jun-10,14.38,14.85,14.19,14.41,18053088
9-Jun-10,14.55,15.10,14.44,14.49,18944893
10-Jun-10,14.88,14.95,14.50,14.88,11341174
11-Jun-10,14.78,15.00,14.46,14.75,14204721
14-Jun-10,15.00,15.31,14.82,14.90,12527440
15-Jun-10,15.24,15.66,15.03,15.62,11075415
16-Jun-10,15.57,15.71,15.34,15.47,8880765
17-Jun-10,15.53,15.63,15.25,15.53,7557790
18-Jun-10,15.51,15.56,15.24,15.35,8109019
21-Jun-10,15.56,15.63,14.66,14.87,12776388
22-Jun-10,14.93,15.00,14.41,14.45,10020488
23-Jun-10,14.41,14.59,14.23,14.31,13071441
24-Jun-10,14.21,14.24,13.31,13.66,22789937
25-Jun-10,13.70,13.94,13.42,13.68,16682436
28-Jun-10,14.01,14.24,13.85,13.88,13067914
29-Jun-10,13.60,13.80,13.29,13.38,15202410
30-Jun-10,13.40,13.62,13.00,13.04,10644644
1-Jul-10,13.00,13.47,12.69,13.29,16280400
2-Jul-10,13.52,13.53,13.05,13.17,7622344
5-Jul-10,-,-,-,13.17,0
6-Jul-10,13.34,13.59,12.50,12.75,17837182
7-Jul-10,13.32,13.60,12.98,13.46,12130980
8-Jul-10,13.57,13.81,13.36,13.69,12346266
9-Jul-10,13.75,13.84,13.58,13.81,6379029
12-Jul-10,13.90,14.31,13.88,14.07,11352333
13-Jul-10,14.32,14.60,13.96,14.46,11722557
14-Jul-10,14.81,15.28,14.74,14.98,20972743
15-Jul-10,14.92,14.99,14.50,14.77,12876119
16-Jul-10,14.78,14.97,14.07,14.16,9452993
19-Jul-10,14.16,14.43,13.97,14.27,6075384
20-Jul-10,13.93,14.56,13.73,14.53,14726500
21-Jul-10,14.61,14.65,13.01,13.14,43121934
22-Jul-10,13.16,13.51,13.01,13.18,15610238
23-Jul-10,13.13,13.20,12.67,12.79,26418649
26-Jul-10,12.80,13.36,12.72,13.31,17461002
27-Jul-10,13.30,13.55,13.08,13.23,14705014
28-Jul-10,13.13,13.28,12.74,12.84,10250035
29-Jul-10,12.99,12.99,12.38,12.60,12129346
30-Jul-10,12.45,12.70,12.28,12.55,9688734
2-Aug-10,12.85,13.04,12.60,12.93,7746482
3-Aug-10,12.92,12.92,12.45,12.47,12469707
4-Aug-10,12.44,12.60,12.18,12.55,10882487
5-Aug-10,12.40,12.74,12.40,12.50,5987848
6-Aug-10,12.43,12.44,12.17,12.21,19607702
9-Aug-10,12.21,12.33,11.82,11.87,19703896
10-Aug-10,11.62,11.70,10.96,11.10,30585933
11-Aug-10,10.75,11.49,10.66,11.28,30970148
12-Aug-10,11.00,11.29,10.85,10.99,17929927
13-Aug-10,11.00,11.24,11.00,11.18,15284349
16-Aug-10,11.01,11.45,11.00,11.23,13837737
17-Aug-10,11.31,11.45,11.01,11.01,12410243
18-Aug-10,11.00,11.45,10.94,11.27,14868039
19-Aug-10,11.34,11.49,11.06,11.10,11984235
20-Aug-10,11.21,11.31,10.92,10.99,15925444
23-Aug-10,11.12,11.15,10.84,10.86,10006098
24-Aug-10,10.73,10.75,10.35,10.37,14053788
25-Aug-10,10.33,10.66,9.99,10.54,10253537
26-Aug-10,10.61,10.61,10.12,10.14,14825765
27-Aug-10,10.23,10.72,9.84,10.63,16260721
30-Aug-10,10.64,10.84,10.52,10.58,8839651
31-Aug-10,10.47,10.49,10.11,10.14,12549796
1-Sep-10,10.41,11.20,10.40,10.74,11776557
2-Sep-10,10.83,10.99,10.47,10.99,11290846
3-Sep-10,11.19,11.38,10.99,11.18,8519919
6-Sep-10,-,-,-,11.18,0
7-Sep-10,11.07,11.14,10.82,10.84,8560837
8-Sep-10,10.69,11.12,10.39,11.04,18084366
9-Sep-10,11.13,11.21,11.00,11.03,9884118
10-Sep-10,11.04,11.05,10.59,10.75,11056277
13-Sep-10,10.85,11.28,10.85,11.24,12740826
14-Sep-10,11.15,11.40,10.90,11.11,14950192
15-Sep-10,11.10,11.50,11.00,11.39,13337663
16-Sep-10,11.35,11.37,11.14,11.30,10312460
17-Sep-10,11.34,11.46,11.05,11.16,11730031
20-Sep-10,11.19,11.32,10.92,11.29,10948514
21-Sep-10,11.28,11.99,10.84,11.43,41217986
22-Sep-10,11.20,11.35,10.80,11.10,19020265
23-Sep-10,10.96,11.29,10.92,11.09,12802862
24-Sep-10,11.22,11.65,11.20,11.62,17772655
27-Sep-10,11.70,11.70,11.38,11.55,8667388
28-Sep-10,11.58,11.70,11.26,11.69,13490287
29-Sep-10,11.58,12.12,11.58,12.01,16289118
30-Sep-10,12.07,12.12,11.63,11.78,16270444
1-Oct-10,11.94,11.94,11.59,11.69,10707749
4-Oct-10,11.63,11.67,11.30,11.48,10609466
5-Oct-10,11.68,11.95,11.29,11.93,19283159
6-Oct-10,11.80,11.92,11.42,11.49,20775819
7-Oct-10,11.66,11.93,11.38,11.87,16009023
8-Oct-10,12.16,12.41,11.92,12.20,20065375
11-Oct-10,12.47,12.49,12.19,12.30,12491803
12-Oct-10,12.44,12.62,12.13,12.56,16318104
13-Oct-10,12.68,12.98,12.55,12.74,14548273
14-Oct-10,12.68,12.86,12.51,12.69,19295691
15-Oct-10,15.04,15.62,14.50,15.51,85933645
18-Oct-10,16.24,16.33,15.66,15.92,40112515
19-Oct-10,15.58,15.67,15.21,15.24,26065497
20-Oct-10,15.27,15.52,15.13,15.21,22041416
21-Oct-10,15.17,15.47,14.83,15.22,24145877
22-Oct-10,15.16,15.31,14.98,15.18,11854992
25-Oct-10,15.22,15.37,14.78,14.81,18419802
26-Oct-10,14.77,15.46,14.74,15.34,16891021
27-Oct-10,15.20,15.38,15.13,15.22,10360284
28-Oct-10,15.24,15.27,13.33,13.94,55541445
29-Oct-10,14.19,15.00,14.11,14.71,25660410
1-Nov-10,14.82,14.91,14.51,14.55,9692669
2-Nov-10,14.65,14.85,14.50,14.78,7397238
3-Nov-10,14.75,14.78,14.50,14.68,8921892
4-Nov-10,14.73,14.98,14.70,14.92,7193585
5-Nov-10,14.89,15.32,14.75,15.32,8504007
8-Nov-10,15.13,15.24,14.94,15.06,6283477
9-Nov-10,15.10,15.11,14.54,14.64,9160158
10-Nov-10,14.68,14.70,14.27,14.42,7409490
11-Nov-10,14.25,14.78,14.00,14.42,10403078
12-Nov-10,14.24,14.40,14.04,14.09,16132684
15-Nov-10,14.21,14.36,14.04,14.05,14310418
16-Nov-10,13.97,14.18,13.80,13.85,12958577
17-Nov-10,13.85,14.15,13.85,13.94,9607528
18-Nov-10,14.12,14.28,14.01,14.22,15166306
19-Nov-10,14.40,15.07,14.39,14.93,25277991
22-Nov-10,14.78,14.79,14.16,14.34,21868870
23-Nov-10,14.40,14.43,13.80,13.81,17001508
24-Nov-10,14.07,14.24,13.97,14.07,8207678
26-Nov-10,13.97,14.15,13.87,13.89,4815578
29-Nov-10,13.78,13.95,13.58,13.86,12079866
30-Nov-10,13.26,13.53,13.15,13.41,41714926
1-Dec-10,13.60,14.08,13.58,13.92,19969639
2-Dec-10,14.03,14.92,14.01,14.53,25718771
3-Dec-10,14.45,15.00,14.39,14.98,11529937
6-Dec-10,15.02,15.04,14.76,14.85,6737967
7-Dec-10,15.29,15.33,15.05,15.16,13362440
8-Dec-10,15.20,15.20,14.76,15.07,8670005
9-Dec-10,15.17,15.26,15.00,15.14,6820385
10-Dec-10,15.16,15.34,15.14,15.26,6319190
13-Dec-10,15.29,15.32,14.96,15.01,5956230
14-Dec-10,15.03,15.03,14.62,14.71,7656572
15-Dec-10,14.62,14.74,14.40,14.51,13609222
16-Dec-10,14.51,14.83,14.51,14.59,8194625
17-Dec-10,14.55,14.75,14.51,14.70,12386908
20-Dec-10,14.75,14.90,14.65,14.69,8670273
21-Dec-10,14.75,14.92,14.75,14.76,5532440
22-Dec-10,14.74,14.90,14.73,14.85,4341443
23-Dec-10,14.77,14.87,14.76,14.80,2717981
27-Dec-10,14.77,15.20,14.72,15.03,6828481
28-Dec-10,15.05,15.38,15.05,15.23,7957105
29-Dec-10,15.23,15.34,14.97,15.07,3520471
30-Dec-10,15.02,15.07,14.85,15.00,3081468
31-Dec-10,14.93,15.03,14.76,15.03,2599126
3-Jan-11,15.20,15.33,14.90,14.97,7036991
4-Jan-11,15.02,15.11,14.59,14.78,7352308
5-Jan-11,14.71,14.96,14.62,14.70,9186495
6-Jan-11,14.73,14.77,14.26,14.75,13305603
7-Jan-11,14.75,14.76,14.43,14.46,5914307
10-Jan-11,14.41,14.45,14.21,14.32,9446289
11-Jan-11,14.35,14.46,14.08,14.12,7595697
12-Jan-11,14.22,14.39,14.07,14.20,6110368
13-Jan-11,14.19,14.23,13.98,14.08,6200211
14-Jan-11,14.11,14.41,14.05,14.26,8282981
18-Jan-11,14.26,14.61,14.26,14.58,8611052
19-Jan-11,14.57,14.80,14.00,14.13,14396144
20-Jan-11,13.54,13.55,12.90,13.31,31653130
21-Jan-11,13.39,13.43,13.13,13.28,12392820
24-Jan-11,13.25,13.65,13.25,13.52,12549622
25-Jan-11,13.44,13.52,13.27,13.50,9064555
26-Jan-11,13.85,14.00,13.52,13.69,21044649
27-Jan-11,13.68,14.13,13.65,14.00,11211630
28-Jan-11,14.06,14.19,13.45,13.80,12905771
31-Jan-11,13.83,14.01,13.50,14.00,11290191
1-Feb-11,14.07,14.17,13.88,13.95,13071459
2-Feb-11,13.90,14.44,13.90,14.26,10754205
3-Feb-11,14.15,14.30,14.00,14.23,5255881
4-Feb-11,14.21,14.45,14.13,14.33,8457410
7-Feb-11,14.33,14.49,14.28,14.38,5090514
8-Feb-11,14.40,14.59,14.31,14.44,7557390
9-Feb-11,14.41,14.54,14.23,14.42,5980141
10-Feb-11,14.33,14.45,14.27,14.39,5040857
11-Feb-11,14.26,14.41,14.23,14.39,5345486
14-Feb-11,14.35,14.66,14.27,14.29,6053004
15-Feb-11,14.27,14.46,14.11,14.22,6632315
16-Feb-11,14.25,14.28,13.73,13.88,12397456
17-Feb-11,13.86,13.93,13.59,13.86,7833751
18-Feb-11,13.81,13.86,13.47,13.72,8300470
22-Feb-11,13.51,13.62,13.09,13.25,9425884
23-Feb-11,13.20,13.25,12.48,12.72,19633135
24-Feb-11,12.70,12.81,12.60,12.74,11384478
25-Feb-11,12.80,13.08,12.79,12.83,11280108
28-Feb-11,12.30,12.80,12.26,12.70,12236018
1-Mar-11,12.62,12.65,12.26,12.29,14247893
2-Mar-11,12.26,12.68,12.26,12.53,10726812
3-Mar-11,12.70,12.95,12.60,12.65,9844735
4-Mar-11,12.61,12.66,12.35,12.44,7241020
7-Mar-11,13.91,14.19,13.44,13.56,44750231
8-Mar-11,13.47,14.02,13.32,13.95,14499209
9-Mar-11,13.87,14.02,13.59,13.69,15736364
10-Mar-11,13.53,13.64,13.39,13.48,9916277
11-Mar-11,13.40,13.77,13.38,13.54,12423976
14-Mar-11,13.45,13.62,13.14,13.15,7914104
15-Mar-11,12.75,13.15,12.57,13.01,10900884
16-Mar-11,12.99,13.40,12.71,12.86,12062367
17-Mar-11,13.08,13.49,12.80,13.23,14433908
18-Mar-11,13.12,13.40,13.00,13.19,11629986
21-Mar-11,13.27,13.54,13.20,13.50,10080699
22-Mar-11,13.50,13.63,13.40,13.46,6699093
23-Mar-11,13.43,13.70,13.36,13.61,6669054
24-Mar-11,13.67,14.25,13.58,14.19,12073239
25-Mar-11,14.26,14.52,14.06,14.42,12710729
28-Mar-11,14.52,14.67,14.29,14.31,7618181
29-Mar-11,14.32,14.33,14.09,14.28,4663881
30-Mar-11,14.30,14.75,14.26,14.71,9378731
31-Mar-11,14.70,14.71,14.29,14.40,9796591
1-Apr-11,14.52,15.00,14.25,14.94,14959186
4-Apr-11,14.92,14.94,14.46,14.59,7696224
5-Apr-11,14.56,14.85,14.51,14.67,6808706
6-Apr-11,14.86,15.00,14.62,14.76,6724922
7-Apr-11,14.72,14.87,14.59,14.69,6604110
8-Apr-11,15.86,16.30,15.64,15.84,45009781
11-Apr-11,15.90,15.96,15.66,15.74,12539720
12-Apr-11,15.65,16.12,15.37,16.10,16597948
13-Apr-11,16.27,16.46,16.17,16.43,15851775
14-Apr-11,16.44,17.15,16.37,17.09,24930354
15-Apr-11,17.12,17.64,17.03,17.64,21007388
18-Apr-11,17.39,17.99,17.27,17.84,21878624
19-Apr-11,18.02,18.23,17.08,17.93,32517844
20-Apr-11,18.09,18.29,17.99,18.22,13506988
21-Apr-11,17.90,18.19,17.84,18.15,12510155
25-Apr-11,18.00,18.22,17.90,18.20,15046628
26-Apr-11,18.23,18.35,18.12,18.14,12783582
27-Apr-11,18.14,18.15,17.57,17.96,13858997
28-Apr-11,17.68,17.94,17.42,17.80,10657462
29-Apr-11,17.78,17.83,17.34,17.62,8662654
2-May-11,17.66,17.90,17.47,17.53,8121414
3-May-11,17.63,17.67,17.15,17.18,11997122
4-May-11,17.30,17.46,16.72,17.31,11680212
5-May-11,17.21,17.43,17.04,17.10,9128917
6-May-11,17.26,17.60,17.16,17.33,6510142
9-May-11,17.28,17.68,17.20,17.40,6763575
10-May-11,17.46,17.87,17.39,17.75,8504160
11-May-11,17.70,17.81,17.28,17.43,6266884
12-May-11,17.53,17.59,17.16,17.19,7567574
13-May-11,17.21,17.23,16.98,17.14,5686379
16-May-11,17.11,17.20,16.64,16.70,8021294
17-May-11,16.74,16.86,16.35,16.61,8373065
18-May-11,16.59,17.05,16.55,16.86,6382691
19-May-11,16.92,16.92,16.39,16.57,7261994
20-May-11,16.56,17.01,16.52,16.93,8007004
23-May-11,16.57,16.92,16.56,16.76,5370482
24-May-11,16.76,17.19,16.70,16.92,6023196
25-May-11,16.81,16.84,16.53,16.76,8709424
26-May-11,16.75,16.75,16.63,16.68,7876390
27-May-11,16.70,16.82,16.45,16.46,14038022
31-May-11,16.53,16.85,16.44,16.80,17603334
1-Jun-11,16.84,16.86,16.22,16.32,12707974
2-Jun-11,16.37,16.45,16.05,16.28,7158493
3-Jun-11,16.12,16.28,15.85,15.90,7519528
6-Jun-11,15.73,15.94,15.56,15.57,5288129
7-Jun-11,15.60,15.83,15.50,15.52,5248649
8-Jun-11,15.36,15.81,15.13,15.45,8450929
9-Jun-11,15.43,15.59,15.28,15.38,6557220
10-Jun-11,15.36,15.45,15.09,15.26,7829836
13-Jun-11,15.27,15.44,15.05,15.13,7616666
14-Jun-11,15.43,15.92,15.41,15.59,10475688
15-Jun-11,15.41,15.74,14.86,14.90,13649865
16-Jun-11,14.93,14.97,14.40,14.57,9045941
17-Jun-11,14.80,14.86,14.18,14.25,11242439
20-Jun-11,14.22,14.51,14.14,14.37,5789351
21-Jun-11,14.48,14.94,14.44,14.78,10567876
22-Jun-11,14.71,15.36,14.71,14.97,11553091
23-Jun-11,14.82,15.82,14.82,15.72,18286546
24-Jun-11,15.70,15.72,15.06,15.35,46886188
27-Jun-11,15.29,15.47,15.10,15.22,9532640
28-Jun-11,15.58,15.59,15.20,15.31,8395793
29-Jun-11,15.39,15.65,15.28,15.57,5827430
30-Jun-11,15.59,16.17,15.59,16.16,8516240
1-Jul-11,16.18,16.37,15.95,16.36,5391520
5-Jul-11,16.29,16.29,16.01,16.20,6493439
6-Jul-11,16.24,16.51,16.22,16.32,6953219
7-Jul-11,16.85,17.00,16.61,16.64,14215569
8-Jul-11,16.54,16.95,16.51,16.94,9175935
11-Jul-11,16.65,16.87,16.46,16.71,7299875
12-Jul-11,16.66,16.80,16.46,16.60,7066121
13-Jul-11,16.75,16.96,16.66,16.83,5841246
14-Jul-11,16.94,17.11,16.63,16.68,8714395
15-Jul-11,16.88,17.03,16.59,16.81,5893101
18-Jul-11,16.80,16.80,16.13,16.53,7094789
19-Jul-11,16.62,17.00,16.61,16.93,9286627
20-Jul-11,17.17,17.17,16.74,16.99,15183203
21-Jul-11,14.60,14.69,13.99,14.13,44940657
22-Jul-11,14.24,15.03,14.14,14.57,17824167
25-Jul-11,14.35,14.84,14.15,14.65,13578230
26-Jul-11,14.66,15.00,14.66,14.77,10435728
27-Jul-11,14.73,14.75,14.13,14.33,11287212
28-Jul-11,14.44,14.51,14.23,14.26,7789562
29-Jul-11,14.16,14.31,13.86,13.89,11228201
1-Aug-11,14.11,14.25,13.71,13.84,11547866
2-Aug-11,13.78,13.20,12.64,12.86,4978229
3-Aug-11,12.86,13.20,12.64,12.76,16844908
4-Aug-11,12.74,12.74,12.05,12.07,17234217
5-Aug-11,12.26,12.50,11.76,12.06,17729716
8-Aug-11,11.65,11.78,10.83,10.88,19020827
9-Aug-11,11.20,11.49,10.70,11.31,15823001
10-Aug-11,11.01,11.60,10.90,11.08,16520108
11-Aug-11,11.14,11.72,10.95,11.56,16360771
12-Aug-11,11.57,12.03,11.57,11.84,10538576
15-Aug-11,11.91,12.14,11.87,12.01,10745806
16-Aug-11,11.99,12.25,11.82,12.16,12206478
17-Aug-11,12.15,12.24,11.28,11.70,8959842
18-Aug-11,11.30,11.30,10.42,10.59,11053623
19-Aug-11,10.52,10.60,9.96,10.08,15137275
22-Aug-11,10.34,10.38,9.98,10.19,10271988
23-Aug-11,10.23,10.80,10.22,10.78,9515512
24-Aug-11,10.77,11.06,10.65,10.98,6383647
25-Aug-11,10.95,11.28,10.76,10.80,6707994
26-Aug-11,10.75,11.17,10.58,11.09,5058358
29-Aug-11,11.25,11.69,11.13,11.67,4195697
30-Aug-11,11.76,11.76,11.40,11.60,4596503
31-Aug-11,11.65,11.90,11.52,11.58,8183697
1-Sep-11,11.65,11.72,11.22,11.24,5491884
2-Sep-11,11.03,11.05,10.67,10.71,6074241
6-Sep-11,10.47,10.62,10.25,10.60,6289721
7-Sep-11,10.77,11.37,10.77,11.31,6549792
8-Sep-11,11.30,11.61,10.93,11.03,5830931
9-Sep-11,11.01,11.48,10.84,11.18,6969620
12-Sep-11,11.02,11.47,10.85,11.23,5687238
13-Sep-11,11.28,11.46,11.12,11.40,5019208
14-Sep-11,11.54,12.12,11.50,11.90,9382920
15-Sep-11,12.06,12.16,11.71,11.88,5650868
16-Sep-11,11.91,12.11,11.80,12.02,5371816
19-Sep-11,11.82,11.89,11.54,11.70,4262668
20-Sep-11,11.81,11.81,11.34,11.41,6862679
21-Sep-11,11.44,11.62,11.18,11.18,6707918
22-Sep-11,10.89,10.92,10.45,10.67,9713021
23-Sep-11,10.53,10.83,10.50,10.75,4216587
26-Sep-11,10.82,11.28,10.66,11.24,5739872
27-Sep-11,11.46,11.96,11.36,11.48,7304909
28-Sep-11,11.54,11.59,11.05,11.11,8515102
29-Sep-11,11.31,11.37,10.36,10.71,9723678
30-Sep-11,10.61,10.61,10.18,10.28,8559692
3-Oct-11,10.22,10.24,9.44,9.49,13266380
4-Oct-11,9.40,9.69,9.05,9.65,8047784
5-Oct-11,9.70,10.26,9.64,10.16,6878876
6-Oct-11,10.19,10.75,10.16,10.72,5785849
7-Oct-11,10.79,10.93,10.44,10.71,8796785
10-Oct-11,10.93,11.18,10.86,11.08,3932766
11-Oct-11,11.04,11.60,11.03,11.17,9644029
12-Oct-11,11.22,11.71,11.17,11.19,11004292
13-Oct-11,11.21,11.91,11.10,11.82,7754061
14-Oct-11,11.88,12.00,11.52,11.80,6048778
17-Oct-11,11.76,11.78,11.26,11.30,7347612
18-Oct-11,11.30,12.22,11.21,12.10,12265881
19-Oct-11,12.29,12.81,11.80,12.05,15113728
20-Oct-11,12.26,12.26,11.48,12.06,19252508
21-Oct-11,13.54,15.54,13.50,15.42,48017368
24-Oct-11,15.31,15.89,15.26,15.74,17495650
25-Oct-11,15.49,16.30,15.47,15.61,13785044
26-Oct-11,15.71,16.95,15.67,16.24,22040624
27-Oct-11,16.66,16.89,15.81,16.33,13415916
28-Oct-11,16.09,16.61,16.03,16.39,7048981
31-Oct-11,16.15,16.54,16.00,16.15,10044302
1-Nov-11,15.74,16.49,15.51,16.25,16679288
2-Nov-11,16.27,17.08,16.27,16.84,15536913
3-Nov-11,17.30,17.71,16.66,17.29,19080487
4-Nov-11,17.16,18.50,16.99,18.34,19884357
7-Nov-11,18.09,18.60,17.77,18.35,12098662
8-Nov-11,18.18,18.30,17.53,17.88,14527551
9-Nov-11,17.61,17.84,17.01,17.13,10835968
10-Nov-11,17.49,17.65,16.62,17.51,13114004
11-Nov-11,17.62,18.20,17.47,17.94,11991944
14-Nov-11,17.71,17.83,17.48,17.76,7302138
15-Nov-11,17.20,17.86,17.06,17.52,8878512
16-Nov-11,17.25,17.65,16.75,17.19,13752798
17-Nov-11,17.11,17.19,16.00,16.76,11632166
18-Nov-11,16.66,16.73,15.98,16.01,13748747
21-Nov-11,16.00,16.31,15.65,16.15,7776624
22-Nov-11,16.05,16.36,15.81,15.99,4941295
23-Nov-11,15.88,16.31,15.21,15.43,7429259
25-Nov-11,15.27,15.70,15.15,15.16,1950170
28-Nov-11,15.68,16.40,15.59,15.99,6133637
29-Nov-11,17.06,17.20,16.45,16.58,12039826
30-Nov-11,16.96,17.23,16.85,17.10,10784939
1-Dec-11,17.28,17.70,16.82,17.40,9430368
2-Dec-11,16.80,17.45,15.94,16.17,19873778
5-Dec-11,16.49,16.71,16.34,16.58,10409139
6-Dec-11,16.66,16.71,16.28,16.40,6139924
7-Dec-11,16.34,16.40,15.90,16.32,7396782
8-Dec-11,16.31,16.38,15.57,15.70,7174471
9-Dec-11,15.68,16.28,15.43,16.16,6426919
12-Dec-11,16.15,16.40,15.90,16.36,8298744
13-Dec-11,16.42,16.50,15.66,15.83,8259831
14-Dec-11,15.65,15.73,15.00,15.47,8240538
15-Dec-11,15.63,15.84,15.36,15.38,6550411
16-Dec-11,15.46,15.55,15.18,15.43,9229992
19-Dec-11,15.54,15.62,15.02,15.07,4976018
20-Dec-11,15.41,15.89,15.41,15.74,8811881
21-Dec-11,15.70,16.00,15.49,15.96,7386723
22-Dec-11,16.06,16.36,15.87,16.00,4420358
23-Dec-11,16.01,16.17,15.94,16.16,2687404
27-Dec-11,16.12,16.16,15.70,15.82,5961753
28-Dec-11,15.90,16.07,15.52,15.58,4827124
29-Dec-11,15.67,15.87,15.48,15.85,3537304
30-Dec-11,15.83,16.50,15.78,16.40,8171755
