4-Jan-10,25.34,25.62,25.23,25.38,2824764
5-Jan-10,25.33,25.48,24.85,25.06,3469752
6-Jan-10,25.00,25.38,24.70,24.89,6329103
7-Jan-10,24.86,24.86,24.35,24.64,9252701
8-Jan-10,24.54,25.05,24.39,25.00,5005784
11-Jan-10,25.01,25.14,24.41,24.74,5611793
12-Jan-10,24.36,24.45,23.81,24.05,6111746
13-Jan-10,24.16,24.34,23.62,24.26,7026549
14-Jan-10,23.97,24.16,23.78,24.11,4906445
15-Jan-10,24.12,24.30,23.29,23.52,7072470
18-Jan-10,-,-,-,23.52,0
19-Jan-10,23.90,23.94,23.56,23.88,7133093
20-Jan-10,23.80,24.01,23.36,23.94,9189136
21-Jan-10,24.08,25.41,23.70,25.25,20767949
22-Jan-10,25.09,25.18,23.78,23.84,13791359
25-Jan-10,24.00,24.67,23.97,24.38,11561537
26-Jan-10,24.27,24.43,24.08,24.22,8235429
27-Jan-10,24.28,24.72,24.08,24.48,7036164
28-Jan-10,24.47,24.47,23.60,24.01,8494890
29-Jan-10,23.91,24.44,23.46,23.58,12612402
1-Feb-10,23.51,24.11,23.49,23.98,5653748
2-Feb-10,24.08,24.36,23.89,24.27,4727853
3-Feb-10,24.15,24.63,24.02,24.51,6484269
4-Feb-10,24.10,24.15,23.10,23.28,10611540
5-Feb-10,23.35,23.75,23.06,23.62,11924352
8-Feb-10,23.55,23.94,23.17,23.46,5812542
9-Feb-10,23.78,24.16,23.59,23.81,8005656
10-Feb-10,23.72,24.07,23.63,23.95,5811914
11-Feb-10,23.88,24.62,23.77,24.46,11478003
12-Feb-10,24.31,24.93,24.04,24.56,6154602
15-Feb-10,-,-,-,24.56,0
16-Feb-10,24.75,25.17,24.66,25.04,5082982
17-Feb-10,25.06,25.26,24.86,25.10,4874711
18-Feb-10,25.17,25.63,25.01,25.52,7991021
19-Feb-10,25.44,25.85,25.33,25.71,5413277
22-Feb-10,25.79,25.79,25.36,25.50,5627027
23-Feb-10,25.29,25.44,24.90,25.15,7812175
24-Feb-10,25.36,26.27,25.28,25.91,11894979
25-Feb-10,25.50,26.06,25.43,25.98,6591138
26-Feb-10,25.98,26.04,25.64,25.83,5367139
1-Mar-10,26.07,26.48,25.98,26.40,5269507
2-Mar-10,26.45,26.75,26.23,26.38,5674732
3-Mar-10,26.50,26.66,26.10,26.20,4859716
4-Mar-10,26.00,26.30,25.78,26.22,4816748
5-Mar-10,26.53,26.89,26.33,26.71,5678702
8-Mar-10,26.80,26.87,26.63,26.63,3568622
9-Mar-10,26.61,26.80,26.44,26.62,4541561
10-Mar-10,26.55,26.98,26.55,26.90,4868319
11-Mar-10,26.75,26.84,26.35,26.50,8793815
12-Mar-10,26.55,26.74,26.45,26.61,6011257
15-Mar-10,26.55,26.60,26.20,26.35,5340862
16-Mar-10,26.36,27.09,26.36,26.93,5470648
17-Mar-10,27.04,27.50,27.00,27.31,5624864
18-Mar-10,27.23,27.48,26.82,27.06,6238311
19-Mar-10,27.17,27.21,26.27,26.60,8786322
22-Mar-10,26.54,27.19,26.42,27.07,4172694
23-Mar-10,27.21,27.41,26.90,27.32,5053543
24-Mar-10,26.95,26.95,25.74,25.81,14273531
25-Mar-10,25.95,26.24,25.41,25.45,11107344
26-Mar-10,25.44,25.76,25.19,25.40,7408543
29-Mar-10,25.57,25.90,25.51,25.71,8947402
30-Mar-10,25.74,25.85,25.42,25.72,5891223
31-Mar-10,25.50,25.75,25.42,25.50,6213306
1-Apr-10,25.69,26.12,25.39,25.68,4865127
2-Apr-10,-,-,-,25.68,0
5-Apr-10,25.63,26.49,25.63,26.34,4936113
6-Apr-10,26.29,26.68,26.15,26.53,5929873
7-Apr-10,26.50,26.83,26.22,26.58,5779488
8-Apr-10,26.46,26.50,25.98,26.22,4434692
9-Apr-10,26.25,26.43,26.13,26.38,2579628
12-Apr-10,26.50,26.80,26.42,26.63,3410019
13-Apr-10,26.68,26.91,26.51,26.84,3555223
14-Apr-10,27.25,27.68,27.21,27.65,5772885
15-Apr-10,27.51,27.86,26.84,27.73,4700950
16-Apr-10,27.68,27.68,27.12,27.49,6050287
19-Apr-10,27.41,27.60,26.79,27.26,6100354
20-Apr-10,27.25,27.65,27.21,27.62,4857806
21-Apr-10,27.85,28.00,26.58,27.21,8985813
22-Apr-10,26.94,27.59,26.39,27.52,6959840
23-Apr-10,27.50,27.57,26.84,27.30,5487769
26-Apr-10,27.24,27.54,27.14,27.23,3801667
27-Apr-10,27.00,27.04,26.19,26.30,12673442
28-Apr-10,26.65,26.73,26.25,26.63,8560481
29-Apr-10,26.34,26.87,26.26,26.79,10503394
30-Apr-10,26.88,26.90,25.75,25.79,9880411
3-May-10,25.90,26.49,25.89,26.35,6051745
4-May-10,26.12,26.12,25.08,25.48,9817730
5-May-10,25.32,25.83,24.92,25.32,8169964
6-May-10,25.22,25.57,23.24,24.72,11653389
7-May-10,24.26,25.10,23.67,24.44,12498373
10-May-10,25.42,25.58,24.90,25.23,6450293
11-May-10,24.99,25.50,24.69,25.06,7140243
12-May-10,25.36,25.75,25.06,25.69,6865806
13-May-10,25.33,25.54,24.53,24.65,9056675
14-May-10,24.53,24.56,23.52,24.05,10129657
17-May-10,23.73,24.85,23.73,24.78,11560294
18-May-10,24.87,25.01,23.93,24.06,8997187
19-May-10,23.99,24.55,23.71,24.25,7612083
20-May-10,23.78,24.31,23.25,23.91,13206209
21-May-10,23.46,24.81,23.28,24.34,14163991
24-May-10,24.09,24.38,23.66,23.68,7607949
25-May-10,23.09,23.77,22.75,23.74,9867853
26-May-10,23.87,24.36,23.74,23.78,9098036
27-May-10,24.36,24.89,24.34,24.88,8288838
28-May-10,24.89,24.89,24.08,24.45,6766647
31-May-10,-,-,-,24.45,0
1-Jun-10,24.23,24.64,23.88,23.90,6091832
2-Jun-10,23.97,24.67,23.78,24.66,7131061
3-Jun-10,24.66,25.53,24.65,25.24,10480060
4-Jun-10,24.90,25.63,24.82,24.96,18115794
7-Jun-10,25.04,25.30,24.20,24.29,12381793
8-Jun-10,24.38,24.38,23.46,24.15,12405213
9-Jun-10,24.25,24.53,23.69,23.79,8407561
10-Jun-10,24.18,24.73,24.01,24.59,9346116
11-Jun-10,24.24,25.21,24.24,25.07,7527545
14-Jun-10,25.23,25.48,24.78,24.85,6426086
15-Jun-10,25.09,26.50,24.90,26.36,11989129
16-Jun-10,26.23,26.87,25.99,26.66,7480082
17-Jun-10,26.87,26.89,26.21,26.66,6368120
18-Jun-10,26.69,27.01,26.61,26.80,7086048
21-Jun-10,26.98,27.13,26.14,26.31,5990727
22-Jun-10,26.35,26.75,25.92,26.02,4994118
23-Jun-10,26.06,26.55,25.81,26.26,5441286
24-Jun-10,26.32,26.33,25.76,25.91,5532517
25-Jun-10,26.03,26.08,25.48,25.90,5213332
28-Jun-10,26.03,26.29,25.66,26.05,5496349
29-Jun-10,25.65,25.76,25.11,25.28,9029630
30-Jun-10,25.37,25.82,25.19,25.26,7973920
1-Jul-10,25.23,25.72,24.82,25.54,9288211
2-Jul-10,25.61,25.61,24.94,25.33,4890378
5-Jul-10,-,-,-,25.33,0
6-Jul-10,25.61,25.95,25.17,25.39,10364240
7-Jul-10,25.43,26.95,25.31,26.91,13727537
8-Jul-10,26.97,27.10,26.61,27.02,12859997
9-Jul-10,27.02,27.68,26.88,27.62,7226675
12-Jul-10,27.57,28.22,27.52,27.84,7038998
13-Jul-10,28.04,28.85,27.95,28.64,9525924
14-Jul-10,28.75,29.12,27.96,28.18,9442334
15-Jul-10,28.19,28.61,27.73,28.54,8442603
16-Jul-10,28.27,28.34,27.54,27.59,9508536
19-Jul-10,27.74,28.71,27.74,28.71,9264481
20-Jul-10,27.97,28.48,27.42,28.45,9905349
21-Jul-10,28.20,28.27,27.40,27.80,10086977
22-Jul-10,27.67,28.92,27.52,28.78,11464004
23-Jul-10,28.67,29.35,28.18,29.20,10400427
26-Jul-10,29.10,29.32,28.68,29.28,6592036
27-Jul-10,29.30,29.40,28.86,28.93,9602596
28-Jul-10,28.78,28.93,28.36,28.50,5780014
29-Jul-10,28.55,28.79,27.50,27.81,9126699
30-Jul-10,27.55,28.13,27.04,27.92,8919346
2-Aug-10,28.11,28.19,27.69,28.06,6194292
3-Aug-10,28.01,28.03,27.64,27.87,3756282
4-Aug-10,27.93,28.08,27.58,28.04,3350008
5-Aug-10,27.96,28.31,27.73,27.87,4324237
6-Aug-10,27.60,28.08,27.45,27.91,4501121
9-Aug-10,27.91,27.94,27.48,27.73,3996367
10-Aug-10,27.53,27.66,27.10,27.56,8126766
11-Aug-10,27.04,27.11,26.70,26.85,8617248
12-Aug-10,25.06,26.85,24.28,25.50,14968520
13-Aug-10,25.35,25.66,25.03,25.04,8229712
16-Aug-10,24.80,25.33,24.48,25.11,5909467
17-Aug-10,25.22,25.69,25.09,25.40,6004053
18-Aug-10,25.35,25.83,25.18,25.64,7544716
19-Aug-10,25.50,25.81,25.19,25.30,5774993
20-Aug-10,25.25,25.64,25.18,25.45,5198166
23-Aug-10,25.58,25.60,24.88,25.05,7925315
24-Aug-10,24.67,25.00,24.49,24.89,7019827
25-Aug-10,24.76,25.07,24.45,24.95,6947506
26-Aug-10,25.10,25.16,24.34,24.48,7040632
27-Aug-10,24.63,25.00,23.96,24.93,8302536
30-Aug-10,24.75,24.92,24.31,24.31,6034315
31-Aug-10,24.14,24.54,24.00,24.14,8846983
1-Sep-10,24.45,25.10,24.44,24.67,7879082
2-Sep-10,24.86,25.30,24.63,25.18,6230298
3-Sep-10,25.44,25.76,25.10,25.39,5261701
6-Sep-10,-,-,-,25.39,0
7-Sep-10,25.24,25.39,24.85,24.97,5040270
8-Sep-10,24.95,25.16,24.56,25.13,8261883
9-Sep-10,25.38,25.43,24.72,24.76,7102223
10-Sep-10,24.75,24.94,24.27,24.67,5344674
13-Sep-10,24.81,25.41,24.81,25.28,5156477
14-Sep-10,25.32,26.25,25.27,26.13,10877068
15-Sep-10,26.00,26.17,25.81,26.06,5883244
16-Sep-10,26.03,26.33,25.94,26.27,5436946
17-Sep-10,26.34,26.74,26.18,26.45,8697884
20-Sep-10,26.15,26.25,25.69,26.18,9585507
21-Sep-10,26.15,26.22,25.92,26.02,5209848
22-Sep-10,25.73,25.75,24.96,25.33,13001333
23-Sep-10,25.18,25.78,24.98,25.34,6795963
24-Sep-10,25.70,26.59,25.64,26.54,8260033
27-Sep-10,26.54,26.55,26.09,26.18,3698352
28-Sep-10,26.43,26.83,25.95,26.81,7247638
29-Sep-10,26.63,27.21,26.60,27.05,9469118
30-Sep-10,27.15,27.35,26.31,26.64,8314258
1-Oct-10,26.12,26.60,25.89,26.35,9333384
4-Oct-10,26.39,26.39,25.30,25.75,9820613
5-Oct-10,26.00,26.44,25.85,26.35,5374985
6-Oct-10,25.95,26.05,25.32,25.71,8580121
7-Oct-10,25.74,25.94,25.42,25.93,7532978
8-Oct-10,25.91,26.21,25.52,26.08,9660796
11-Oct-10,26.03,26.77,25.92,26.61,7449276
12-Oct-10,26.68,26.96,26.43,26.83,8025091
13-Oct-10,27.00,27.00,26.35,26.57,7186406
14-Oct-10,26.59,26.80,26.32,26.48,5569959
15-Oct-10,26.72,26.72,26.25,26.48,6536395
18-Oct-10,26.24,26.48,25.84,26.34,5736291
19-Oct-10,26.09,26.70,25.83,26.34,6690183
20-Oct-10,26.20,26.34,25.57,26.01,9887646
21-Oct-10,25.32,25.53,24.77,25.17,21218797
22-Oct-10,25.18,25.32,24.94,25.20,7167947
25-Oct-10,25.40,25.65,25.30,25.45,4557742
26-Oct-10,25.37,25.60,25.12,25.31,5389078
27-Oct-10,25.15,26.19,25.13,26.12,8660146
28-Oct-10,26.13,26.38,25.84,26.22,8561647
29-Oct-10,26.21,26.92,26.18,26.80,10467992
1-Nov-10,27.00,27.23,26.73,26.83,7674534
2-Nov-10,27.06,27.28,26.99,27.15,5652990
3-Nov-10,27.49,27.49,26.88,27.24,8300719
4-Nov-10,27.53,27.95,27.37,27.85,12163987
5-Nov-10,27.90,27.92,27.61,27.73,5099105
8-Nov-10,27.51,27.88,27.50,27.82,7675439
9-Nov-10,27.85,27.90,27.20,27.37,6364991
10-Nov-10,27.35,27.56,27.10,27.42,4821044
11-Nov-10,26.11,26.65,25.64,26.50,10327274
12-Nov-10,26.40,26.90,26.30,26.64,8119852
15-Nov-10,26.72,26.95,26.33,26.45,7058101
16-Nov-10,26.18,26.46,26.06,26.30,6308516
17-Nov-10,26.29,26.82,26.18,26.70,7051981
18-Nov-10,27.02,27.18,26.76,27.02,7545109
19-Nov-10,26.95,27.38,26.91,27.18,6360101
22-Nov-10,27.06,27.45,26.89,27.27,6788390
23-Nov-10,27.09,27.52,26.99,27.28,7130449
24-Nov-10,27.44,27.98,27.44,27.68,5373427
26-Nov-10,27.50,27.67,27.34,27.52,1786071
29-Nov-10,27.36,27.64,27.15,27.43,5053982
30-Nov-10,27.00,27.35,26.91,27.13,6254299
1-Dec-10,27.47,28.08,27.41,27.99,6027722
2-Dec-10,28.00,28.60,27.90,28.53,5725514
3-Dec-10,28.50,29.00,28.46,28.87,4630399
6-Dec-10,28.93,28.99,28.46,28.61,3749636
7-Dec-10,29.00,29.12,28.52,28.59,4495803
8-Dec-10,28.64,28.85,28.48,28.85,4586798
9-Dec-10,29.00,29.00,28.45,28.50,3919767
10-Dec-10,28.61,28.78,28.50,28.65,4443349
13-Dec-10,28.70,28.78,28.47,28.51,3345807
14-Dec-10,28.64,28.64,28.28,28.53,3716569
15-Dec-10,28.40,28.61,28.14,28.23,4880466
16-Dec-10,28.30,28.70,28.06,28.66,4918950
17-Dec-10,28.37,28.58,27.90,28.21,8753155
20-Dec-10,28.21,28.32,27.99,28.11,4651662
21-Dec-10,28.25,28.46,28.24,28.39,2761547
22-Dec-10,27.10,28.77,26.60,28.63,25818162
23-Dec-10,28.44,29.06,28.39,28.83,5828152
27-Dec-10,28.81,29.07,28.43,28.99,3037415
28-Dec-10,29.02,29.12,28.85,29.03,2814958
29-Dec-10,29.09,29.14,28.92,29.00,2418368
30-Dec-10,28.99,29.28,28.87,29.06,2387438
31-Dec-10,29.08,29.16,28.84,28.98,2083080
3-Jan-11,29.28,29.56,29.06,29.42,4413264
4-Jan-11,29.48,29.59,29.23,29.54,4958621
5-Jan-11,29.38,29.67,29.10,29.64,4237145
6-Jan-11,29.63,30.14,29.61,30.14,4914966
7-Jan-11,30.24,30.41,29.65,29.97,5513887
10-Jan-11,29.99,30.28,29.72,30.20,3564161
11-Jan-11,30.25,30.53,30.05,30.51,4097373
12-Jan-11,30.71,31.10,30.50,30.99,6330228
13-Jan-11,30.42,31.09,30.42,30.89,3623572
14-Jan-11,30.92,31.72,30.91,31.69,4234892
18-Jan-11,31.70,32.00,31.56,31.77,4743209
19-Jan-11,31.41,31.63,30.94,31.02,9145651
20-Jan-11,31.00,31.54,30.61,31.26,15058603
21-Jan-11,31.41,31.80,31.20,31.28,5622515
24-Jan-11,31.26,31.92,31.21,31.78,5180917
25-Jan-11,31.92,32.20,31.64,31.98,5878153
26-Jan-11,32.25,32.36,31.72,32.17,7064987
27-Jan-11,32.26,33.03,32.17,32.85,6008478
28-Jan-11,32.92,33.24,32.09,32.19,5862182
31-Jan-11,32.23,32.48,32.01,32.20,4007716
1-Feb-11,32.20,33.39,32.19,33.23,5809989
2-Feb-11,33.07,33.58,33.00,33.08,4981161
3-Feb-11,32.86,33.00,32.53,32.81,3538721
4-Feb-11,32.86,33.68,32.77,33.62,4749674
7-Feb-11,33.51,33.78,33.17,33.29,3110928
8-Feb-11,33.35,33.43,33.05,33.35,3071958
9-Feb-11,33.29,33.66,33.24,33.29,2995408
10-Feb-11,32.95,33.50,32.75,33.42,4131557
11-Feb-11,33.34,33.91,33.20,33.78,2490890
14-Feb-11,33.78,34.12,33.61,33.79,2746895
15-Feb-11,33.60,33.82,33.30,33.73,2600382
16-Feb-11,33.83,34.07,33.62,33.86,3756480
17-Feb-11,33.38,34.10,33.30,33.87,2583374
18-Feb-11,34.00,34.00,33.54,33.92,4247139
22-Feb-11,33.47,33.83,33.03,33.09,4176563
23-Feb-11,33.02,33.17,32.45,32.88,4309383
24-Feb-11,32.84,33.17,32.49,32.95,4141332
25-Feb-11,33.11,33.81,33.10,33.79,2410725
28-Feb-11,33.80,33.83,32.93,33.25,2936929
1-Mar-11,33.35,33.57,32.68,32.70,4965807
2-Mar-11,33.32,34.90,33.32,34.54,8609039
3-Mar-11,34.89,35.42,34.83,35.11,6676479
4-Mar-11,35.06,35.14,34.67,34.96,4000308
7-Mar-11,35.15,35.15,33.52,34.16,7016743
8-Mar-11,34.25,34.46,33.89,33.92,5456437
9-Mar-11,33.39,33.59,31.68,32.04,10772800
10-Mar-11,31.52,32.38,31.22,31.90,7102461
11-Mar-11,31.67,32.46,31.65,32.33,3920442
14-Mar-11,32.31,32.63,31.48,31.82,6525085
15-Mar-11,30.45,31.64,30.07,31.37,6664409
16-Mar-11,31.37,32.91,31.23,31.87,13807866
17-Mar-11,32.30,32.43,31.62,31.63,5408128
18-Mar-11,31.99,32.14,31.48,31.77,7147596
21-Mar-11,32.11,32.81,32.02,32.30,3347842
22-Mar-11,32.21,32.59,31.98,31.98,3879353
23-Mar-11,31.97,32.61,31.81,32.51,4473004
24-Mar-11,32.78,33.04,32.36,32.98,3546415
25-Mar-11,33.19,33.50,32.82,32.97,5089495
28-Mar-11,33.19,33.22,32.78,32.84,2630421
29-Mar-11,32.85,33.14,32.38,33.00,2813356
30-Mar-11,33.18,33.25,32.68,32.82,3159399
31-Mar-11,32.77,33.11,32.50,32.80,3262552
1-Apr-11,33.19,33.19,32.12,32.15,4075357
4-Apr-11,32.29,32.39,31.54,31.83,3697349
5-Apr-11,32.10,32.34,31.76,31.83,4490777
6-Apr-11,32.05,32.27,31.78,32.11,3372710
7-Apr-11,31.97,32.24,31.63,31.87,4263516
8-Apr-11,31.93,32.40,31.44,31.65,2899914
11-Apr-11,31.73,31.73,31.27,31.32,2780516
12-Apr-11,31.18,31.21,30.55,30.64,5223092
13-Apr-11,30.79,31.19,30.64,31.18,4444554
14-Apr-11,30.87,31.23,30.79,31.11,3356920
15-Apr-11,31.25,31.55,30.83,31.46,3294742
18-Apr-11,31.10,31.16,30.53,30.70,4723391
19-Apr-11,30.72,30.86,30.46,30.55,4054341
20-Apr-11,31.10,31.86,31.10,31.72,4371983
21-Apr-11,31.67,31.96,31.61,31.77,2348623
25-Apr-11,31.68,31.89,31.53,31.85,2817294
26-Apr-11,31.83,32.73,31.78,32.50,5838769
27-Apr-11,32.75,33.13,32.34,32.86,6566685
28-Apr-11,33.13,35.00,32.93,34.95,12016128
29-Apr-11,34.74,35.38,34.74,34.86,9016765
2-May-11,35.01,35.25,34.72,35.02,4920706
3-May-11,35.00,35.20,34.54,34.88,4282812
4-May-11,35.00,35.38,34.71,35.15,4865286
5-May-11,35.00,35.90,34.95,35.61,6188375
6-May-11,35.96,36.18,35.67,35.73,4631019
9-May-11,35.80,35.80,35.20,35.56,3628523
10-May-11,35.74,35.88,35.42,35.83,4203549
11-May-11,35.78,35.89,35.24,35.60,3041646
12-May-11,35.49,36.49,35.41,36.25,3767161
13-May-11,36.26,36.32,35.75,35.95,3234805
16-May-11,35.58,35.94,35.18,35.37,3308584
17-May-11,35.23,35.32,34.81,35.28,4627857
18-May-11,35.34,36.37,35.30,36.28,3316418
19-May-11,36.30,36.35,35.84,36.06,2525955
20-May-11,36.01,36.15,35.56,35.77,3413754
23-May-11,35.34,35.40,34.79,34.83,4351099
24-May-11,34.90,34.98,34.43,34.44,3773647
25-May-11,34.49,34.77,34.32,34.52,3945615
26-May-11,34.42,34.92,34.25,34.74,3818304
27-May-11,34.79,35.08,34.68,34.92,2334662
31-May-11,35.32,35.98,35.27,35.68,5648062
1-Jun-11,35.67,35.69,34.66,34.67,3956757
2-Jun-11,34.85,35.15,34.52,34.84,3167330
3-Jun-11,34.49,34.65,33.67,33.73,4290091
6-Jun-11,33.90,34.13,33.63,33.76,3787019
7-Jun-11,34.20,34.52,34.05,34.20,3956939
8-Jun-11,34.00,34.04,33.21,33.36,4520633
9-Jun-11,33.46,33.99,33.17,33.81,4449939
10-Jun-11,33.70,33.81,33.30,33.56,5174171
13-Jun-11,33.60,33.69,33.15,33.34,3165903
14-Jun-11,33.63,33.96,33.58,33.81,2890716
15-Jun-11,33.45,34.14,33.23,33.60,6390958
16-Jun-11,33.63,33.75,32.93,33.24,5007594
17-Jun-11,33.74,33.78,32.92,32.95,6862080
20-Jun-11,32.93,33.62,32.90,33.60,3916974
21-Jun-11,33.78,34.36,33.45,34.19,3221130
22-Jun-11,34.10,34.45,33.72,34.22,3413649
23-Jun-11,33.79,35.00,33.65,34.97,5459421
24-Jun-11,34.88,35.28,34.57,34.64,5578559
27-Jun-11,34.61,35.46,34.38,35.17,3817417
28-Jun-11,35.15,35.52,35.08,35.48,2754370
29-Jun-11,35.57,35.80,35.08,35.37,3196335
30-Jun-11,35.54,36.60,35.48,36.47,4669053
1-Jul-11,36.57,37.23,36.35,37.06,3763470
5-Jul-11,37.07,37.15,36.52,36.63,3171316
6-Jul-11,36.51,36.72,36.20,36.52,3234114
7-Jul-11,36.78,37.37,36.59,37.11,4470388
8-Jul-11,36.66,36.74,35.77,36.24,3958916
11-Jul-11,35.76,36.40,35.52,35.66,3293804
12-Jul-11,35.61,35.62,33.72,34.31,7963506
13-Jul-11,34.57,34.59,33.75,33.92,4899969
14-Jul-11,34.11,34.32,33.32,33.53,4604272
15-Jul-11,33.64,33.70,33.06,33.48,4821137
18-Jul-11,33.45,33.56,33.01,33.28,3508350
19-Jul-11,33.52,33.92,33.50,33.69,3999219
20-Jul-11,33.29,33.60,32.80,33.18,6253341
21-Jul-11,31.93,33.78,31.81,33.71,10622663
22-Jul-11,33.62,34.04,33.29,33.66,4275611
25-Jul-11,33.19,33.74,33.10,33.42,3334162
26-Jul-11,33.49,34.05,33.43,33.49,2611893
27-Jul-11,33.16,33.16,32.08,32.27,7693987
28-Jul-11,32.27,32.70,31.96,32.10,3779899
29-Jul-11,31.87,32.49,31.61,32.10,5712844
1-Aug-11,32.36,32.52,31.39,31.84,4148330
2-Aug-11,31.48,31.40,30.47,31.25,8135540
3-Aug-11,31.25,31.50,30.47,31.41,4588107
4-Aug-11,31.01,31.19,30.02,30.05,7241017
5-Aug-11,30.30,30.77,29.30,29.93,10502511
8-Aug-11,28.73,29.68,28.56,28.86,8927107
9-Aug-11,29.14,30.04,28.14,29.67,9556299
10-Aug-11,28.94,30.14,28.60,29.27,9859447
11-Aug-11,29.01,30.47,29.01,30.19,8209898
12-Aug-11,29.96,30.39,29.79,30.11,4568673
15-Aug-11,30.22,30.76,30.22,30.74,2661691
16-Aug-11,30.53,30.70,29.92,30.23,5220151
17-Aug-11,30.16,30.77,29.90,30.22,3784182
18-Aug-11,29.33,29.34,28.48,28.80,6208929
19-Aug-11,28.48,29.27,28.26,28.36,4382464
22-Aug-11,28.90,29.17,28.62,28.86,4586195
23-Aug-11,29.00,30.08,28.89,30.06,5328389
24-Aug-11,29.97,30.00,29.35,29.79,3819761
25-Aug-11,29.87,30.07,29.42,29.46,3989969
26-Aug-11,29.24,30.25,29.02,30.24,4702558
29-Aug-11,30.58,31.24,30.42,31.20,3597306
30-Aug-11,31.11,31.59,30.98,31.45,4754116
31-Aug-11,31.54,31.56,30.77,31.14,5694034
1-Sep-11,31.30,31.48,30.83,30.83,4037955
2-Sep-11,30.10,30.44,29.57,29.80,6439856
6-Sep-11,29.17,30.40,29.12,30.37,5758334
7-Sep-11,30.57,30.89,30.06,30.45,5455355
8-Sep-11,30.34,31.15,30.16,30.55,3148291
9-Sep-11,30.25,30.76,29.76,30.01,5186741
12-Sep-11,29.76,30.82,29.74,30.78,4948223
13-Sep-11,30.78,31.27,30.64,31.08,4713165
14-Sep-11,31.32,31.99,30.93,31.55,4921712
15-Sep-11,31.86,31.89,30.97,31.67,4721016
16-Sep-11,31.79,32.22,31.59,31.74,3854242
19-Sep-11,31.27,31.68,31.11,31.45,3129962
20-Sep-11,31.12,31.43,29.96,30.02,9521286
21-Sep-11,30.00,30.27,29.22,29.24,7116231
22-Sep-11,28.58,28.78,27.64,28.28,8091960
23-Sep-11,28.18,29.17,27.83,28.92,4666119
26-Sep-11,29.10,29.17,28.09,28.84,5277277
27-Sep-11,29.18,29.78,28.91,29.22,3738552
28-Sep-11,29.36,29.45,28.49,28.53,4241774
29-Sep-11,28.93,29.13,27.86,28.36,4797914
30-Sep-11,28.06,28.31,27.44,27.44,4299852
3-Oct-11,27.22,27.80,26.77,27.06,4626652
4-Oct-11,26.66,28.22,26.55,28.05,7198408
5-Oct-11,28.01,28.63,27.56,28.28,5425807
6-Oct-11,28.30,28.71,27.90,28.69,4202475
7-Oct-11,28.79,29.16,28.30,28.78,4831027
10-Oct-11,29.05,29.79,28.97,29.56,2977676
11-Oct-11,29.46,29.75,29.27,29.42,3201254
12-Oct-11,29.73,29.89,29.41,29.48,4760463
13-Oct-11,29.32,30.25,29.15,30.04,4199729
14-Oct-11,30.39,30.59,29.81,30.59,4737173
17-Oct-11,30.56,30.68,30.02,30.27,5473721
18-Oct-11,30.06,30.96,29.78,30.81,4037286
19-Oct-11,30.55,30.55,29.51,29.60,6583411
20-Oct-11,30.18,30.97,29.22,29.60,7496409
21-Oct-11,30.02,30.82,30.01,30.22,5355188
24-Oct-11,30.93,31.94,30.77,31.49,5147687
25-Oct-11,31.42,31.97,31.29,31.56,5914141
26-Oct-11,31.72,32.23,31.33,31.82,5353797
27-Oct-11,32.54,33.44,32.41,33.25,5924705
28-Oct-11,33.17,33.60,32.81,33.19,3047516
31-Oct-11,33.07,33.93,32.98,33.46,6897523
1-Nov-11,32.74,33.22,32.48,32.52,8031194
2-Nov-11,33.44,33.44,31.62,31.81,9214621
3-Nov-11,32.02,32.50,31.65,32.42,8034840
4-Nov-11,32.23,32.90,32.06,32.85,6006851
7-Nov-11,32.65,33.03,32.38,32.97,4079048
8-Nov-11,33.17,33.64,32.81,33.31,3509411
9-Nov-11,32.70,32.82,31.85,31.95,6006624
10-Nov-11,32.44,32.44,31.62,31.98,3939282
11-Nov-11,32.18,33.13,32.16,32.85,3487547
14-Nov-11,32.85,33.07,32.30,32.51,2901876
15-Nov-11,32.49,33.23,32.34,32.97,3002766
16-Nov-11,32.71,33.51,32.63,32.69,4025996
17-Nov-11,32.49,32.62,31.47,31.76,5669175
18-Nov-11,31.79,32.09,31.45,31.47,3447755
21-Nov-11,31.14,31.40,30.79,31.23,3332995
22-Nov-11,31.14,31.37,30.66,31.09,3499710
23-Nov-11,30.82,30.89,30.31,30.31,2481191
25-Nov-11,30.13,30.47,30.00,30.07,1414958
28-Nov-11,30.52,30.96,30.44,30.74,2993134
29-Nov-11,30.82,31.37,30.67,30.95,3754839
30-Nov-11,31.71,32.78,31.70,32.71,5756387
1-Dec-11,32.93,33.26,32.73,33.06,5412244
2-Dec-11,33.23,33.66,33.10,33.11,4838000
5-Dec-11,33.45,33.75,33.16,33.36,5571957
6-Dec-11,33.45,33.45,32.88,33.19,4445980
7-Dec-11,33.04,33.60,32.79,33.35,5078005
8-Dec-11,33.08,33.46,31.55,32.63,3245676
9-Dec-11,31.93,32.75,31.80,32.64,3623756
12-Dec-11,32.39,32.39,31.92,32.26,3750024
13-Dec-11,32.49,32.83,31.44,31.58,3738808
14-Dec-11,31.55,31.89,31.07,31.19,3820076
15-Dec-11,31.38,31.49,30.79,31.02,4725866
16-Dec-11,31.25,31.91,31.09,31.21,5884389
19-Dec-11,30.80,31.41,30.56,30.61,5278367
20-Dec-11,31.19,32.13,31.15,31.97,4949290
21-Dec-11,31.90,32.15,31.49,31.92,3669841
22-Dec-11,32.06,32.61,31.90,32.29,3409797
23-Dec-11,32.52,32.52,32.12,32.35,1202862
27-Dec-11,32.24,32.52,32.05,32.29,1213335
28-Dec-11,32.22,32.32,31.90,31.97,2108797
29-Dec-11,32.10,32.30,31.95,32.24,1295451
30-Dec-11,32.25,32.39,32.04,32.06,1328833
