1-Jan-10,-,-,-,30.48,0
4-Jan-10,30.62,31.10,30.59,30.95,38414185
5-Jan-10,30.85,31.10,30.64,30.96,49758862
6-Jan-10,30.88,31.08,30.52,30.77,58182332
7-Jan-10,30.63,30.70,30.19,30.45,50564285
8-Jan-10,30.28,30.88,30.24,30.66,51201289
11-Jan-10,30.71,30.76,30.12,30.27,68754648
12-Jan-10,30.15,30.40,29.91,30.07,65913228
13-Jan-10,30.26,30.52,30.01,30.35,51863463
14-Jan-10,30.31,31.10,30.26,30.96,63244767
15-Jan-10,31.08,31.24,30.71,30.86,79915648
18-Jan-10,-,-,-,30.86,0
19-Jan-10,30.75,31.24,30.68,31.10,46582886
20-Jan-10,30.81,30.94,30.31,30.58,54857712
21-Jan-10,30.61,30.72,30.00,30.01,73086701
22-Jan-10,30.00,30.20,28.84,28.96,102004573
25-Jan-10,29.24,29.66,29.10,29.32,63381173
26-Jan-10,29.20,29.85,29.09,29.50,66647676
27-Jan-10,29.35,29.82,29.02,29.67,63949492
28-Jan-10,29.84,29.87,28.89,29.16,117513692
29-Jan-10,29.90,29.92,27.66,28.18,193888424
1-Feb-10,28.39,28.48,27.92,28.41,85931099
2-Feb-10,28.37,28.50,28.14,28.46,54413654
3-Feb-10,28.26,28.79,28.12,28.63,61397848
4-Feb-10,28.38,28.50,27.81,27.84,77849968
5-Feb-10,28.00,28.28,27.57,28.02,80960063
8-Feb-10,28.01,28.08,27.57,27.72,52826474
9-Feb-10,27.97,28.34,27.75,28.01,59195742
10-Feb-10,28.03,28.24,27.84,27.99,48591246
11-Feb-10,27.93,28.40,27.70,28.12,65995913
12-Feb-10,27.81,28.06,27.58,27.93,81121515
15-Feb-10,-,-,-,27.93,0
16-Feb-10,28.13,28.37,28.02,28.35,51938098
17-Feb-10,28.53,28.65,28.36,28.59,45882842
18-Feb-10,28.59,29.03,28.51,28.97,42856501
19-Feb-10,28.79,28.92,28.69,28.77,44461634
22-Feb-10,28.84,28.94,28.65,28.73,36710350
23-Feb-10,28.68,28.83,28.09,28.33,52270044
24-Feb-10,28.52,28.79,28.38,28.63,43166875
25-Feb-10,28.27,28.65,28.02,28.60,48735294
26-Feb-10,28.65,28.85,28.51,28.67,40372889
1-Mar-10,28.77,29.05,28.53,29.02,43805302
2-Mar-10,29.08,29.30,28.24,28.46,93129838
3-Mar-10,28.51,28.61,28.35,28.46,48442081
4-Mar-10,28.46,28.65,28.27,28.63,42894184
5-Mar-10,28.66,28.68,28.42,28.59,56005054
8-Mar-10,28.52,28.93,28.50,28.63,39421396
9-Mar-10,28.56,29.11,28.55,28.80,50278457
10-Mar-10,28.86,29.11,28.80,28.97,44898608
11-Mar-10,28.89,29.19,28.85,29.18,35353651
12-Mar-10,29.32,29.38,29.04,29.27,31709321
15-Mar-10,29.18,29.37,29.01,29.29,37516750
16-Mar-10,29.42,29.49,29.20,29.37,36732935
17-Mar-10,29.50,29.87,29.40,29.63,50386698
18-Mar-10,29.63,29.72,29.50,29.61,43845199
19-Mar-10,29.76,29.90,29.35,29.59,81341090
22-Mar-10,29.50,29.70,29.39,29.60,37718162
23-Mar-10,29.59,29.90,29.41,29.88,42026555
24-Mar-10,29.72,29.85,29.60,29.65,33993584
25-Mar-10,29.83,30.57,29.80,30.01,73176624
26-Mar-10,30.09,30.20,29.59,29.66,55604731
29-Mar-10,29.71,29.82,29.55,29.59,33340722
30-Mar-10,29.63,29.86,29.50,29.77,34955871
31-Mar-10,29.64,29.72,29.17,29.29,63762620
1-Apr-10,29.35,29.54,28.62,29.16,74768063
2-Apr-10,-,-,-,29.16,0
5-Apr-10,29.13,29.42,29.03,29.27,34338235
6-Apr-10,29.15,29.58,28.98,29.32,47366786
7-Apr-10,29.16,29.56,29.14,29.35,58320552
8-Apr-10,29.32,29.98,29.30,29.92,63713716
9-Apr-10,29.95,30.41,29.90,30.34,54755457
12-Apr-10,30.25,30.49,30.20,30.32,37074279
13-Apr-10,30.15,30.50,30.13,30.45,41374514
14-Apr-10,30.79,31.00,30.66,30.82,68941186
15-Apr-10,30.82,30.95,30.71,30.87,52748075
16-Apr-10,30.79,30.98,30.60,30.67,88707802
19-Apr-10,30.77,31.25,30.76,31.04,64970248
20-Apr-10,31.22,31.44,31.13,31.36,52206093
21-Apr-10,31.33,31.50,31.23,31.33,55343086
22-Apr-10,31.04,31.53,30.90,31.39,84847551
23-Apr-10,31.12,31.58,30.65,30.96,126766583
26-Apr-10,31.00,31.28,30.86,31.11,63652231
27-Apr-10,30.95,31.25,30.75,30.84,68732315
28-Apr-10,30.92,31.00,30.62,30.91,64557901
29-Apr-10,30.93,31.43,30.67,31.00,52671781
30-Apr-10,31.07,31.08,30.52,30.54,63220209
3-May-10,30.67,31.06,30.58,30.86,43990036
4-May-10,30.52,30.55,29.75,30.13,82085579
5-May-10,29.77,30.09,29.69,29.85,66833778
6-May-10,29.59,29.88,27.91,28.98,128612951
7-May-10,28.88,28.95,27.32,28.21,173718024
10-May-10,29.01,29.48,28.71,28.94,86656268
11-May-10,28.68,29.65,28.57,28.88,63803037
12-May-10,28.98,29.58,28.92,29.44,47152462
13-May-10,29.26,29.73,29.18,29.24,45291598
14-May-10,29.20,29.21,28.64,28.93,63333959
17-May-10,29.12,29.23,28.45,28.94,46055496
18-May-10,28.87,29.00,28.40,28.60,52772107
19-May-10,28.52,28.69,27.79,28.24,61754173
20-May-10,27.65,27.84,27.04,27.11,87991056
21-May-10,26.63,27.11,26.44,26.84,117600229
24-May-10,26.85,26.86,26.26,26.27,73712018
25-May-10,25.65,26.33,25.38,26.07,98373509
26-May-10,26.23,26.60,24.56,25.01,176684012
27-May-10,25.73,26.36,25.72,26.00,136434525
28-May-10,25.84,26.12,25.66,25.80,67502221
31-May-10,-,-,-,25.80,0
1-Jun-10,25.53,26.31,25.52,25.89,76155453
2-Jun-10,26.06,26.48,25.73,26.46,65718772
3-Jun-10,26.55,26.93,26.41,26.86,67839372
4-Jun-10,26.10,26.57,25.62,25.79,89833275
7-Jun-10,25.82,25.83,25.24,25.29,80456154
8-Jun-10,25.25,25.26,24.65,25.11,87354921
9-Jun-10,25.22,25.52,24.75,24.79,87808432
10-Jun-10,25.13,25.15,24.78,25.00,78950407
11-Jun-10,25.04,25.72,24.77,25.66,68057774
14-Jun-10,25.86,25.96,25.47,25.50,50972363
15-Jun-10,25.75,26.65,25.74,26.58,81644277
16-Jun-10,26.47,26.58,26.23,26.32,48699364
17-Jun-10,26.56,26.67,26.04,26.37,47998692
18-Jun-10,26.37,26.53,26.17,26.44,52079257
21-Jun-10,26.78,26.89,25.89,25.95,54625218
22-Jun-10,26.16,26.45,25.76,25.77,55986386
23-Jun-10,25.78,25.78,25.22,25.31,61468282
24-Jun-10,25.46,25.72,24.93,25.00,85252196
25-Jun-10,25.05,25.11,24.31,24.53,156256672
28-Jun-10,24.51,24.61,24.12,24.31,73787879
29-Jun-10,24.13,24.20,23.11,23.31,119885791
30-Jun-10,23.30,23.68,22.95,23.01,81057995
1-Jul-10,23.09,23.32,22.73,23.16,92239399
2-Jul-10,23.36,23.48,23.05,23.27,62489452
5-Jul-10,-,-,-,23.27,0
6-Jul-10,23.70,24.09,23.58,23.82,73594554
7-Jul-10,23.82,24.32,23.61,24.30,81967278
8-Jul-10,24.60,24.62,23.97,24.41,50768072
9-Jul-10,24.33,24.41,24.15,24.27,53811348
12-Jul-10,24.43,24.89,24.42,24.83,49862201
13-Jul-10,25.14,25.30,24.90,25.13,61928666
14-Jul-10,25.50,25.61,25.12,25.44,72808022
15-Jul-10,25.50,25.59,24.98,25.51,56934631
16-Jul-10,25.51,25.64,24.88,24.89,65064760
19-Jul-10,24.96,25.30,24.91,25.23,38181760
20-Jul-10,24.86,25.48,24.70,25.48,45530162
21-Jul-10,25.60,25.65,24.98,25.12,73297593
22-Jul-10,25.51,25.99,25.47,25.84,73016369
23-Jul-10,25.84,26.02,25.25,25.81,108520012
26-Jul-10,25.86,26.20,25.80,26.10,67249812
27-Jul-10,26.14,26.24,25.96,26.16,60682484
28-Jul-10,26.07,26.19,25.83,25.95,69704731
29-Jul-10,26.13,26.41,25.60,26.03,69446188
30-Jul-10,25.75,25.84,25.35,25.81,83534777
2-Aug-10,25.99,26.38,25.75,26.33,55044515
3-Aug-10,26.20,26.35,25.97,26.16,56877663
4-Aug-10,26.15,26.24,25.44,25.73,78531804
5-Aug-10,25.49,25.58,25.21,25.37,64922012
6-Aug-10,25.18,25.56,25.02,25.55,55985489
9-Aug-10,25.55,25.73,25.37,25.61,57102542
10-Aug-10,25.33,25.34,24.88,25.07,87257683
11-Aug-10,24.68,24.90,24.56,24.86,76745824
12-Aug-10,24.42,24.68,24.36,24.49,70240460
13-Aug-10,24.35,24.67,24.24,24.40,45263430
16-Aug-10,24.36,24.61,24.30,24.50,40968392
17-Aug-10,24.71,24.96,24.60,24.71,52935026
18-Aug-10,24.68,24.95,24.41,24.82,46818826
19-Aug-10,24.62,24.74,24.21,24.44,54069035
20-Aug-10,24.31,24.40,24.20,24.23,49565732
23-Aug-10,24.44,24.64,24.24,24.28,51728126
24-Aug-10,24.09,24.35,24.00,24.04,66532358
25-Aug-10,24.00,24.22,23.87,24.10,47404767
26-Aug-10,24.09,24.19,23.79,23.82,49105276
27-Aug-10,23.88,24.02,23.51,23.93,60944493
30-Aug-10,23.74,23.82,23.60,23.64,45453037
31-Aug-10,23.60,23.73,23.32,23.46,66083495
1-Sep-10,23.67,23.95,23.54,23.90,65235852
2-Sep-10,23.88,23.95,23.71,23.94,48837044
3-Sep-10,24.24,24.45,24.20,24.29,64189016
6-Sep-10,-,-,-,24.29,0
7-Sep-10,24.10,24.30,23.92,23.96,51928618
8-Sep-10,24.07,24.20,23.74,23.93,65512329
9-Sep-10,24.19,24.21,23.99,24.01,46028831
10-Sep-10,23.98,24.03,23.79,23.85,58293790
13-Sep-10,24.20,25.29,24.09,25.11,114680387
14-Sep-10,25.04,25.35,24.89,25.03,87160392
15-Sep-10,25.10,25.22,24.92,25.12,56204376
16-Sep-10,25.06,25.37,25.05,25.33,44548260
17-Sep-10,25.40,25.53,25.08,25.22,70341518
20-Sep-10,25.28,25.52,25.11,25.43,49877219
21-Sep-10,25.42,25.42,25.08,25.15,52924157
22-Sep-10,24.89,24.97,24.36,24.61,94299353
23-Sep-10,24.51,24.59,24.36,24.43,46210109
24-Sep-10,24.64,24.80,24.58,24.78,51948788
27-Sep-10,24.85,24.99,24.59,24.73,43732859
28-Sep-10,24.80,24.90,24.35,24.68,56041120
29-Sep-10,24.63,24.66,24.40,24.50,44318896
30-Sep-10,24.61,24.83,24.36,24.49,61271057
1-Oct-10,24.77,24.82,24.30,24.38,62672276
4-Oct-10,23.96,23.99,23.78,23.91,98143158
5-Oct-10,24.06,24.45,23.91,24.35,78152892
6-Oct-10,24.32,24.54,24.13,24.43,50489603
7-Oct-10,24.62,24.75,24.28,24.53,50096043
8-Oct-10,24.62,24.65,24.37,24.57,41328991
11-Oct-10,24.74,24.74,24.50,24.59,27587722
12-Oct-10,24.65,24.93,24.43,24.83,50141421
13-Oct-10,25.02,25.54,24.89,25.34,75336441
14-Oct-10,25.29,25.34,25.00,25.23,51985403
15-Oct-10,25.36,25.55,25.23,25.54,68954747
18-Oct-10,25.59,25.95,25.45,25.82,48396780
19-Oct-10,25.27,25.37,24.95,25.10,66150875
20-Oct-10,25.26,25.40,25.10,25.31,56283551
21-Oct-10,25.40,25.54,25.05,25.42,50032354
22-Oct-10,25.52,25.54,25.27,25.38,25844141
25-Oct-10,25.24,25.35,25.17,25.19,50912304
26-Oct-10,25.12,25.97,25.06,25.90,69304104
27-Oct-10,25.79,26.11,25.62,26.05,64805406
28-Oct-10,26.21,26.38,25.92,26.28,80730261
29-Oct-10,27.15,27.20,26.48,26.66,114193191
1-Nov-10,26.88,27.22,26.70,26.95,61916183
2-Nov-10,27.06,27.42,27.02,27.39,54402096
3-Nov-10,27.46,27.49,26.96,27.03,110255273
4-Nov-10,27.41,27.43,27.01,27.14,93599285
5-Nov-10,27.17,27.19,26.53,26.85,110953685
8-Nov-10,26.68,27.05,26.58,26.81,71670771
9-Nov-10,26.81,27.11,26.71,26.95,58594443
10-Nov-10,27.01,27.08,26.81,26.94,52277301
11-Nov-10,26.68,26.72,26.28,26.68,62076710
12-Nov-10,26.47,26.52,26.10,26.27,64962139
15-Nov-10,26.33,26.50,26.17,26.20,51794559
16-Nov-10,26.04,26.04,25.65,25.81,65339110
17-Nov-10,25.90,25.91,25.55,25.57,58299609
18-Nov-10,25.71,26.08,25.61,25.84,59518954
19-Nov-10,25.80,25.83,25.60,25.69,52423174
22-Nov-10,25.65,25.74,25.44,25.73,53350441
23-Nov-10,25.57,25.60,25.09,25.12,69806770
24-Nov-10,25.20,25.46,25.16,25.37,56843693
26-Nov-10,25.21,25.41,25.17,25.25,21356527
29-Nov-10,25.19,25.42,24.93,25.31,56608148
30-Nov-10,25.05,25.47,25.00,25.26,75282094
1-Dec-10,25.57,26.25,25.56,26.04,74123490
2-Dec-10,26.24,26.98,26.20,26.89,91798687
3-Dec-10,26.81,27.06,26.78,27.02,52621910
6-Dec-10,26.93,26.98,26.76,26.84,36273877
7-Dec-10,27.08,27.13,26.85,26.87,57860447
8-Dec-10,26.83,27.24,26.80,27.23,41666716
9-Dec-10,27.28,27.34,27.01,27.08,47148284
10-Dec-10,27.19,27.40,27.11,27.34,37629009
13-Dec-10,27.27,27.45,27.17,27.24,47943855
14-Dec-10,27.31,27.75,27.26,27.62,64095005
15-Dec-10,27.53,27.99,27.53,27.85,69634200
16-Dec-10,27.76,27.99,27.66,27.99,57680104
17-Dec-10,27.92,28.09,27.75,27.90,87456444
20-Dec-10,27.95,27.99,27.68,27.81,52810910
21-Dec-10,27.85,28.14,27.76,28.07,38152996
22-Dec-10,28.01,28.40,27.98,28.19,42255763
23-Dec-10,27.97,28.32,27.96,28.30,24913722
27-Dec-10,28.12,28.20,27.88,28.07,21654880
28-Dec-10,27.97,28.17,27.96,28.01,23049217
29-Dec-10,27.94,28.12,27.88,27.97,19505935
30-Dec-10,27.92,28.00,27.78,27.85,20790442
31-Dec-10,27.80,27.92,27.63,27.91,24791329
3-Jan-11,28.05,28.18,27.92,27.98,53450110
4-Jan-11,27.94,28.17,27.85,28.09,54409555
5-Jan-11,27.90,28.01,27.77,28.00,58998239
6-Jan-11,28.04,28.85,27.86,28.82,88026271
7-Jan-11,28.64,28.74,28.25,28.60,73761979
10-Jan-11,28.26,28.40,28.04,28.22,57573450
11-Jan-11,28.20,28.25,28.05,28.11,50308414
12-Jan-11,28.12,28.59,28.07,28.55,52636699
13-Jan-11,28.33,28.39,28.01,28.19,67082768
14-Jan-11,28.08,28.38,27.91,28.30,62691185
18-Jan-11,28.16,28.74,28.14,28.66,53332616
19-Jan-11,28.46,28.68,28.27,28.47,50005830
20-Jan-11,28.50,28.55,28.13,28.35,58621931
21-Jan-11,28.40,28.43,28.02,28.02,58080269
24-Jan-11,28.02,28.56,27.99,28.38,52055812
25-Jan-11,28.14,28.45,28.12,28.45,42436532
26-Jan-11,28.51,28.99,28.50,28.78,74628760
27-Jan-11,28.75,29.46,28.49,28.87,146938589
28-Jan-11,28.90,28.93,27.45,27.75,141259158
31-Jan-11,27.77,27.90,27.42,27.72,65028938
1-Feb-11,27.80,28.06,27.61,27.99,62810661
2-Feb-11,27.93,28.11,27.88,27.94,45836488
3-Feb-11,27.96,27.97,27.54,27.65,60340059
4-Feb-11,27.70,27.84,27.51,27.77,40416627
7-Feb-11,27.80,28.34,27.79,28.20,68980871
8-Feb-11,28.10,28.34,28.05,28.28,34910467
9-Feb-11,28.19,28.26,27.91,27.97,52905018
10-Feb-11,27.93,27.94,27.29,27.50,76672349
11-Feb-11,27.76,27.81,27.07,27.25,83939643
14-Feb-11,27.20,27.27,26.95,27.23,56766112
15-Feb-11,27.04,27.33,26.95,26.96,44120592
16-Feb-11,27.05,27.07,26.60,27.02,70817867
17-Feb-11,26.97,27.37,26.91,27.21,57211558
18-Feb-11,27.13,27.21,26.99,27.06,68672855
22-Feb-11,26.78,27.10,26.52,26.59,60888998
23-Feb-11,26.53,26.86,26.43,26.59,60234083
24-Feb-11,26.64,27.06,26.50,26.77,64499005
25-Feb-11,26.91,26.95,26.50,26.55,53006263
28-Feb-11,26.69,26.86,26.51,26.58,51379675
1-Mar-11,26.60,26.78,26.15,26.16,60054986
2-Mar-11,26.11,26.37,26.04,26.08,48658193
3-Mar-11,26.26,26.40,26.18,26.20,68271500
4-Mar-11,26.22,26.24,25.80,25.95,70437154
7-Mar-11,26.13,26.27,25.55,25.72,64987131
8-Mar-11,25.77,26.02,25.65,25.91,50555383
9-Mar-11,25.81,25.98,25.66,25.89,39792379
10-Mar-11,25.62,25.71,25.35,25.41,66557502
11-Mar-11,25.41,25.85,25.36,25.68,49906849
14-Mar-11,25.49,25.76,25.35,25.69,54456558
15-Mar-11,25.08,25.47,25.00,25.39,76064201
16-Mar-11,25.22,25.28,24.68,24.79,100718988
17-Mar-11,25.06,25.22,24.75,24.78,62506557
18-Mar-11,25.06,25.18,24.80,24.80,85486688
21-Mar-11,25.18,25.58,25.15,25.33,46895059
22-Mar-11,25.30,25.46,25.23,25.30,30903641
23-Mar-11,25.23,25.61,25.18,25.54,44018832
24-Mar-11,25.60,25.87,25.50,25.81,38696661
25-Mar-11,25.93,25.95,25.59,25.62,57031023
28-Mar-11,25.66,25.72,25.38,25.41,48975380
29-Mar-11,25.34,25.52,25.30,25.49,40772423
30-Mar-11,25.60,25.72,25.50,25.61,42000178
31-Mar-11,25.60,25.68,25.34,25.39,63281785
1-Apr-11,25.53,25.53,25.31,25.48,63114201
4-Apr-11,25.45,25.66,25.41,25.55,35441052
5-Apr-11,25.82,26.18,25.74,25.78,73693937
6-Apr-11,25.98,26.31,25.86,26.15,65589617
7-Apr-11,26.19,26.26,25.97,26.20,46134637
8-Apr-11,26.17,26.28,25.96,26.07,39890629
11-Apr-11,26.19,26.25,25.80,25.98,34286211
12-Apr-11,25.83,25.85,25.55,25.64,36936975
13-Apr-11,25.65,25.87,25.56,25.63,38144621
14-Apr-11,25.42,25.44,25.09,25.42,55245529
15-Apr-11,25.46,25.56,25.18,25.37,65080348
18-Apr-11,25.10,25.28,24.72,25.08,58046281
19-Apr-11,25.00,25.17,24.87,25.15,38892333
20-Apr-11,25.54,26.00,25.51,25.76,61608587
21-Apr-11,25.79,25.89,25.36,25.52,46892292
25-Apr-11,25.56,25.62,25.34,25.61,33525057
26-Apr-11,25.74,26.44,25.67,26.19,69199457
27-Apr-11,26.30,26.39,26.13,26.38,52688981
28-Apr-11,26.46,26.87,26.40,26.71,80158577
29-Apr-11,26.55,26.64,25.36,25.92,319317852
2-May-11,25.94,26.00,25.48,25.66,89834099
3-May-11,25.60,25.85,25.49,25.81,71909361
4-May-11,25.85,26.25,25.79,26.06,73292270
5-May-11,26.05,26.08,25.68,25.79,55626793
6-May-11,26.07,26.22,25.75,25.87,55993642
9-May-11,25.80,25.96,25.67,25.83,38696376
10-May-11,25.38,25.85,25.25,25.67,120806139
11-May-11,25.65,25.66,25.21,25.36,78604669
12-May-11,25.35,25.39,25.10,25.32,77366952
13-May-11,25.28,25.32,24.95,25.03,66819290
16-May-11,24.96,25.07,24.50,24.57,91402408
17-May-11,24.40,24.70,24.27,24.52,82894458
18-May-11,24.53,24.74,24.25,24.69,53931025
19-May-11,24.85,24.88,24.50,24.72,37783590
20-May-11,24.72,24.87,24.44,24.49,45451462
23-May-11,24.21,24.25,24.03,24.17,52703425
24-May-11,24.20,24.29,24.04,24.15,47692976
25-May-11,24.17,24.31,24.16,24.19,34903112
26-May-11,24.35,25.03,24.32,24.67,78016538
27-May-11,24.68,24.90,24.65,24.76,50254323
31-May-11,24.96,25.06,24.70,25.01,60196203
1-Jun-11,24.99,25.10,24.37,24.43,74036467
2-Jun-11,24.49,24.65,24.18,24.22,51487738
3-Jun-11,24.05,24.14,23.84,23.90,60697662
6-Jun-11,23.90,24.25,23.77,24.01,54778670
7-Jun-11,24.09,24.17,23.90,24.06,41112524
8-Jun-11,23.90,24.02,23.86,23.94,42206806
9-Jun-11,24.01,24.04,23.82,23.96,42882262
10-Jun-11,24.02,24.02,23.69,23.70,49327104
13-Jun-11,23.79,24.19,23.70,24.04,47574074
14-Jun-11,24.30,24.45,24.19,24.22,42902699
15-Jun-11,24.00,24.01,23.67,23.74,49410128
16-Jun-11,23.75,24.10,23.65,24.00,57190388
17-Jun-11,24.22,24.30,23.98,24.26,83352877
20-Jun-11,24.17,24.66,24.16,24.47,54344045
21-Jun-11,24.52,24.86,24.40,24.76,49712104
22-Jun-11,24.60,24.81,24.59,24.65,44290814
23-Jun-11,24.44,24.65,24.20,24.63,59472060
24-Jun-11,24.51,24.54,24.19,24.30,101387157
27-Jun-11,24.23,25.46,24.23,25.20,92044114
28-Jun-11,25.30,25.92,25.16,25.80,81032018
29-Jun-11,25.71,25.71,25.36,25.62,66052078
30-Jun-11,25.74,26.00,25.66,26.00,52536288
1-Jul-11,25.93,26.17,25.84,26.02,52914516
5-Jul-11,26.10,26.15,25.90,26.03,37803059
6-Jul-11,25.97,26.37,25.96,26.33,48748894
7-Jul-11,26.49,26.88,26.36,26.77,51950943
8-Jul-11,26.54,26.98,26.51,26.92,58332434
11-Jul-11,26.62,26.80,26.49,26.63,44000715
12-Jul-11,26.55,26.79,26.34,26.54,47320989
13-Jul-11,26.60,26.96,26.51,26.63,40869336
14-Jul-11,26.62,27.01,26.36,26.47,46385928
15-Jul-11,26.47,26.93,26.47,26.78,49134401
18-Jul-11,26.63,26.90,26.26,26.59,44506711
19-Jul-11,26.81,27.64,26.78,27.54,86730600
20-Jul-11,27.28,27.35,26.98,27.06,49795352
21-Jul-11,27.04,27.31,26.65,27.10,81737342
22-Jul-11,26.86,27.55,26.68,27.53,76380505
25-Jul-11,27.26,28.09,27.19,27.91,108486590
26-Jul-11,27.82,28.14,27.78,28.08,74643391
27-Jul-11,27.88,27.98,27.20,27.33,71492139
28-Jul-11,27.29,28.07,27.21,27.72,83766901
29-Jul-11,27.52,27.71,27.26,27.40,104394739
1-Aug-11,27.51,27.68,26.75,27.27,61846218
2-Aug-11,26.98,26.95,26.48,26.64,87164516
3-Aug-11,26.64,27.00,26.48,26.92,64583238
4-Aug-11,26.53,26.87,25.93,25.94,92953765
5-Aug-11,25.97,26.10,25.23,25.68,112072491
8-Aug-11,25.02,25.60,24.39,24.48,134257113
9-Aug-11,24.71,25.62,24.03,25.58,126278864
10-Aug-11,24.95,25.09,24.10,24.20,127819718
11-Aug-11,24.50,25.38,24.40,25.19,90697205
12-Aug-11,25.13,25.34,24.65,25.10,64791784
15-Aug-11,25.24,25.58,25.15,25.51,56529388
16-Aug-11,25.22,25.59,25.05,25.35,54256723
17-Aug-11,25.25,25.70,24.93,25.24,50923682
18-Aug-11,24.57,25.09,24.03,24.67,105715509
19-Aug-11,24.41,24.62,23.91,24.05,77402319
22-Aug-11,24.42,24.49,23.79,23.98,54720967
23-Aug-11,24.03,24.75,24.03,24.72,59671022
24-Aug-11,24.65,24.93,24.42,24.90,45329610
25-Aug-11,25.08,25.16,24.50,24.57,48191924
26-Aug-11,24.51,25.34,24.42,25.25,71959200
29-Aug-11,25.53,25.86,25.37,25.84,38863136
30-Aug-11,25.73,26.43,25.70,26.23,57341367
31-Aug-11,26.29,26.71,26.26,26.60,59301724
1-Sep-11,26.46,26.86,26.21,26.21,60511548
2-Sep-11,25.78,26.00,25.66,25.80,43897065
6-Sep-11,25.20,25.59,25.11,25.51,54931986
7-Sep-11,25.69,26.00,25.57,26.00,41960917
8-Sep-11,26.00,26.66,25.95,26.22,65818212
9-Sep-11,26.00,26.18,25.50,25.74,64531339
12-Sep-11,25.44,25.93,25.27,25.89,55047244
13-Sep-11,25.92,26.18,25.81,26.04,48794446
14-Sep-11,26.17,26.80,25.89,26.50,66742534
15-Sep-11,26.73,27.03,26.31,26.99,67809210
16-Sep-11,27.05,27.27,26.83,27.12,89685212
19-Sep-11,26.80,27.31,26.60,27.21,52324841
20-Sep-11,27.31,27.50,26.93,26.98,49211857
21-Sep-11,27.05,27.06,25.97,25.99,72750701
22-Sep-11,25.30,25.65,24.60,25.06,96285920
23-Sep-11,24.90,25.15,24.69,25.06,64769019
26-Sep-11,25.19,25.52,24.73,25.44,51057571
27-Sep-11,25.66,25.92,25.45,25.67,55623705
28-Sep-11,25.93,26.37,25.51,25.58,60740399
29-Sep-11,25.98,26.17,25.09,25.45,63411976
30-Sep-11,25.20,25.50,24.88,24.89,54086654
3-Oct-11,24.72,25.34,24.52,24.53,64596171
4-Oct-11,24.30,25.39,24.26,25.34,83485396
5-Oct-11,25.42,26.16,25.16,25.89,94061244
6-Oct-11,25.90,26.40,25.70,26.34,55113496
7-Oct-11,26.34,26.51,26.20,26.25,52748451
10-Oct-11,26.58,26.97,26.47,26.94,41822239
11-Oct-11,26.86,27.07,26.72,27.00,38826791
12-Oct-11,27.18,27.31,26.90,26.96,52493454
13-Oct-11,26.76,27.20,26.62,27.18,43830076
14-Oct-11,27.31,27.50,27.02,27.27,50949439
17-Oct-11,27.11,27.42,26.85,26.98,39453241
18-Oct-11,26.94,27.40,26.80,27.31,52491969
19-Oct-11,27.37,27.47,27.01,27.13,42881648
20-Oct-11,27.26,27.34,26.40,27.04,76300104
21-Oct-11,27.15,27.19,26.80,27.16,76620533
24-Oct-11,27.06,27.40,27.04,27.19,56897791
25-Oct-11,27.08,27.23,26.72,26.81,53554554
26-Oct-11,27.03,27.06,26.10,26.59,63029830
27-Oct-11,27.13,27.40,26.65,27.25,74515622
28-Oct-11,27.14,27.19,26.79,26.98,57712077
31-Oct-11,26.76,27.00,26.62,26.63,46798951
1-Nov-11,26.19,26.32,25.86,25.99,61186956
2-Nov-11,26.10,26.20,25.70,26.01,53536398
3-Nov-11,26.24,26.58,25.98,26.53,65837011
4-Nov-11,26.38,26.40,26.00,26.25,36553269
7-Nov-11,26.21,26.82,26.13,26.80,42586043
8-Nov-11,27.01,27.20,26.68,27.16,47825636
9-Nov-11,26.59,26.75,26.06,26.20,62950825
10-Nov-11,26.47,26.50,26.12,26.28,32517281
11-Nov-11,26.58,27.08,26.57,26.91,37903971
14-Nov-11,26.88,27.00,26.65,26.76,34199146
15-Nov-11,26.56,26.94,26.40,26.74,43877075
16-Nov-11,26.47,26.51,26.04,26.07,53262743
17-Nov-11,26.01,26.04,25.44,25.54,70977495
18-Nov-11,25.48,25.50,25.15,25.30,47627157
21-Nov-11,25.24,25.25,24.90,25.00,61882819
22-Nov-11,24.89,24.96,24.65,24.79,49204488
23-Nov-11,24.61,24.79,24.47,24.47,49105287
25-Nov-11,24.38,24.67,24.30,24.30,26164410
28-Nov-11,24.94,24.97,24.69,24.87,46771878
29-Nov-11,24.82,25.04,24.75,24.84,40920907
30-Nov-11,25.37,25.58,25.14,25.58,81353522
1-Dec-11,25.56,25.63,25.20,25.28,48545338
2-Dec-11,25.59,25.62,25.16,25.22,52295245
5-Dec-11,25.78,25.80,25.50,25.70,56818367
6-Dec-11,25.81,25.87,25.61,25.66,46175294
7-Dec-11,25.67,25.76,25.34,25.60,62669835
8-Dec-11,25.48,25.72,25.37,25.40,60522185
9-Dec-11,25.52,25.87,25.50,25.70,53790403
12-Dec-11,25.41,25.57,25.29,25.51,38945867
13-Dec-11,25.75,26.10,25.65,25.76,54581003
14-Dec-11,25.72,25.86,25.57,25.59,47927107
15-Dec-11,25.72,25.88,25.54,25.56,46217486
16-Dec-11,25.67,26.17,25.63,26.00,101410082
19-Dec-11,26.02,26.12,25.46,25.53,52258284
20-Dec-11,25.86,26.10,25.81,26.02,60767523
21-Dec-11,26.01,26.19,25.44,25.76,64134140
22-Dec-11,25.82,25.86,25.48,25.81,35794085
23-Dec-11,25.91,26.04,25.73,26.03,23205776
27-Dec-11,25.96,26.14,25.93,26.04,21287332
28-Dec-11,26.11,26.15,25.76,25.82,29823501
29-Dec-11,25.95,26.05,25.86,26.02,22616883
30-Dec-11,26.00,26.12,25.91,25.96,27396333
